tm,stnId,WD,WS,GST_WD,GST_WS,GST_TM,PA,PS,PT,PR,TA,TD,HM,PV,RN,RN_DAY,RN_JUN,RN_INT,SD_HR3,SD_DAY,SD_TOT,WC,WP,WW,CA_TOT,CA_MID,CH_MIN,CT,CT_TOP,CT_MID,CT_LOW,VS,SS,SI,ST_GD,TS,TE_005,TE_01,TE_02,TE_03,ST_SEA,WH,BF,IR,IX
202604090900,90,25,5.1,20,11.0,848,1007.0,1009.1,8,-0.2,17.5,-7.1,18.0,3.6,-9.0,-9.0,-9.0,-9.0,-9.0,-9.0,-9.0,-9,-9,-,8,0,-9,-,-9,-9,-9,5000,0.5,1.28,-9,18.5,-99.0,-99.0,-99.0,-99.0,-9,-9.0,-9,3,-9
202604090900,93,18,1.0,-9,-9.0,-9,1002.2,1013.9,8,-0.8,7.4,2.4,71.0,7.3,-9.0,-9.0,-9.0,-9.0,-9.0,-9.0,-9.0,-9,-9,-,10,4,10,ScAs,-9,2,5,2000,0.0,0.39,-9,9.8,8.6,9.6,10.5,10.9,-9,-9.0,-9,3,2
202604090900,95,29,0.9,-9,-9.0,-9,994.9,1013.9,8,-0.8,6.8,2.6,75.0,7.4,-9.0,-9.0,-9.0,-9.0,-9.0,-9.0,-9.0,-9,-9,-,10,7,10,-,-9,-9,-9,2617,0.0,0.25,-9,9.0,-99.0,-99.0,-99.0,-99.0,-9,-9.0,-9,3,-9
202604090900,98,0,0.4,-9,-9.0,-9,999.0,1013.0,8,-0.8,9.1,1.4,59.0,6.8,-9.0,-9.0,-9.0,-9.0,-9.0,-9.0,-9.0,-9,-9,-,10,10,28,-,-9,-9,-9,1091,0.0,0.28,-9,9.8,-99.0,-99.0,-99.0,-99.0,-9,-9.0,-9,3,-9
202604090900,99,9,1.6,-9,-9.0,-9,1009.3,1013.1,8,-0.9,7.4,1.6,67.0,6.9,0.0,0.0,0.0,-9.0,-9.0,-9.0,-9.0,-9,-9,-,10,0,-9,-,-9,-9,-9,2044,0.0,0.29,-9,10.1,-99.0,-99.0,-99.0,-99.0,-9,-9.0,-9,1,-9
202604090900,100,27,6.6,27,13.0,459,921.9,1011.6,7,-1.2,7.8,-1.2,53.0,5.6,-9.0,-9.0,-9.0,-9.0,-9.0,-9.0,-9.0,-9,-9,-,10,1,8,-,-9,-9,-9,5000,0.0,0.30,-9,4.9,-99.0,-99.0,-99.0,-99.0,-9,-9.0,-9,3,-9
202604090900,101,0,0.4,-9,-9.0,-9,1003.5,1012.8,8,-0.9,7.5,2.7,72.0,7.4,-9.0,-9.0,-9.0,-9.0,-9.0,-9.0,-9.0,-9,-9,-,10,3,11,-,-9,-9,-9,2325,0.0,0.36,-9,9.7,9.1,9.7,10.2,10.9,-9,-9.0,-9,3,-9
202604090900,102,11,5.1,14,11.0,754,1003.6,1008.0,7,-2.4,8.1,5.0,81.0,8.7,0.0,0.0,0.0,-9.0,-9.0,-9.0,-9.0,60,62,01,10,8,2,ScAs,-9,2,5,1612,0.0,0.16,-9,9.3,-99.0,-99.0,-99.0,-99.0,-9,1.0,-9,1,1
202604090900,104,20,2.9,25,10.0,525,1000.0,1008.8,8,-0.1,16.6,-5.2,22.0,4.2,-9.0,-9.0,-9.0,-9.0,-9.0,-9.0,-9.0,-9,-9,-,9,0,-9,Ci,2,0,0,4598,0.4,1.06,-9,13.7,11.2,11.2,11.7,11.9,-9,-9.0,-9,3,2
202604090900,105,25,6.3,27,15.0,840,1007.3,1010.5,0,0.2,15.9,-1.2,31.0,5.6,-9.0,-9.0,-9.0,-9.0,-9.0,-9.0,-9.0,-9,-9,-,9,0,-9,-,-9,-9,-9,4964,0.2,0.95,-9,12.6,10.4,10.6,11.0,11.8,-9,-9.0,-9,3,-9
202604090900,106,20,0.8,-9,-9.0,-9,1006.6,1011.4,0,0.6,16.4,-3.1,26.0,4.9,-9.0,-9.0,-9.0,-9.0,-9.0,-9.0,-9.0,-9,-9,-,10,1,45,-,-9,-9,-9,4382,0.1,0.86,-9,15.2,-99.0,-99.0,-99.0,-99.0,-9,-9.0,-9,3,-9
202604090900,108,5,2.9,-9,-9.0,-9,1002.1,1012.4,8,-0.9,11.3,2.5,55.0,7.3,0.0,0.0,0.0,-9.0,-9.0,-9.0,-9.0,60,62,01,10,3,15,ScAs,-9,2,5,2161,0.0,0.30,-9,11.9,10.7,8.8,9.5,9.9,-9,-9.0,-9,1,1
202604090900,112,11,2.1,-9,-9.0,-9,1003.4,1011.7,8,-1.0,11.4,4.5,63.0,8.4,0.0,0.2,0.2,-9.0,-9.0,-9.0,-9.0,60,66,01,10,5,6,ScAs,-9,2,5,2422,0.0,0.25,-9,10.5,10.4,9.8,10.4,10.7,2,0.5,2,1,1
202604090900,114,5,0.5,-9,-9.0,-9,995.1,1013.4,8,-1.2,7.5,0.6,62.0,6.4,-9.0,-9.0,-9.0,-9.0,-9.0,-9.0,-9.0,-9,-9,-,9,6,8,-,-9,-9,-9,2706,0.0,0.29,-9,8.6,-99.0,-99.0,-99.0,-99.0,-9,-9.0,-9,3,-9
202604090900,115,27,8.7,23,15.0,802,985.5,1011.8,4,0.0,12.2,6.0,66.0,9.3,-9.0,-9.0,-9.0,-9.0,-9.0,-9.0,-9.0,-9,-9,-,9,0,-9,Ci,2,0,0,4989,0.0,0.29,-9,10.4,10.3,10.4,11.5,11.0,4,2.5,5,3,2
202604090900,119,7,1.4,-9,-9.0,-9,1006.9,1011.7,8,-1.5,11.3,3.0,57.0,7.6,0.0,0.0,0.0,-9.0,-9.0,-9.0,-9.0,60,62,01,10,3,10,ScAs,-9,2,5,2340,0.0,0.18,-9,9.6,9.3,9.6,10.2,10.4,-9,-9.0,-9,1,1
202604090900,121,18,0.9,-9,-9.0,-9,985.3,1014.6,8,-1.4,6.0,1.3,72.0,6.7,-9.0,-9.0,-9.0,-9.0,-9.0,-9.0,-9.0,-9,-9,-,10,1,27,-,-9,-9,-9,2821,0.0,0.34,-9,9.2,-99.0,-99.0,-99.0,-99.0,-9,-9.0,-9,3,-9
202604090900,127,20,0.5,-9,-9.0,-9,998.4,1012.3,8,-1.5,8.6,1.7,62.0,6.9,-9.0,-9.0,-9.0,-9.0,-9.0,-9.0,-9.0,-9,-9,-,10,10,22,-,-9,-9,-9,2229,0.0,0.20,-9,9.8,-99.0,-99.0,-99.0,-99.0,-9,-9.0,-9,3,-9
202604090900,129,9,2.5,-9,-9.0,-9,1008.1,1011.2,7,-1.7,10.6,4.5,66.0,8.4,0.0,0.0,0.0,-9.0,-9.0,-9.0,-9.0,-9,-9,-,10,10,14,-,-9,-9,-9,1761,0.0,0.13,-9,10.5,12.3,10.7,11.0,11.1,-9,-9.0,-9,1,-9
202604090900,130,23,0.9,-9,-9.0,-9,1006.5,1012.4,0,0.1,13.6,1.8,45.0,7.0,-9.0,-9.0,-9.0,-9.0,-9.0,-9.0,-9.0,-9,-9,-,10,9,41,-,-9,-9,-9,4398,0.0,-9.00,-9,12.4,-99.0,-99.0,-99.0,-99.0,-9,-9.0,-9,3,-9
202604090900,131,34,0.8,-9,-9.0,-9,1004.6,1011.7,8,-1.7,11.3,1.2,50.0,6.7,0.0,0.0,0.0,-9.0,-9.0,-9.0,-9.0,60,62,01,10,6,16,ScAs,-9,2,5,2789,0.0,0.32,-9,11.3,-99.0,-99.0,-99.0,-99.0,-9,-9.0,-9,1,1
202604090900,133,29,0.9,-9,-9.0,-9,1003.7,1011.9,8,-1.9,10.1,0.1,50.0,6.2,-9.0,0.0,0.0,-9.0,-9.0,-9.0,-9.0,2,62,-,10,8,14,ScAs,-9,2,5,4332,0.0,0.26,-9,9.7,10.4,10.9,11.8,12.3,-9,-9.0,-9,3,1
202604090900,135,16,4.1,-9,-9.0,-9,983.4,1012.9,8,-1.4,8.1,1.2,62.0,6.7,-9.0,0.0,0.0,-9.0,-9.0,-9.0,-9.0,-9,-9,-,10,9,16,-,-9,-9,-9,2616,0.0,0.29,-9,8.8,-99.0,-99.0,-99.0,-99.0,-9,-9.0,-9,3,-9
202604090900,136,0,0.2,-9,-9.0,-9,997.3,1014.3,7,-1.3,10.3,2.6,59.0,7.4,-9.0,-9.0,-9.0,-9.0,-9.0,-9.0,-9.0,-9,-9,-,10,6,10,ScAs,-9,2,5,2990,0.0,0.37,-9,11.1,-99.0,-99.0,-99.0,-99.0,-9,-9.0,-9,3,2
202604090900,137,34,0.5,-9,-9.0,-9,1000.6,1012.3,8,-1.3,8.9,1.0,58.0,6.6,-9.0,0.0,0.0,-9.0,-9.0,-9.0,-9.0,-9,-9,-,9,5,14,-,-9,-9,-9,3446,0.0,0.21,-9,9.8,-99.0,-99.0,-99.0,-99.0,-9,-9.0,-9,3,-9
202604090900,138,25,2.8,-9,-9.0,-9,1012.3,1012.8,8,-0.9,13.5,3.8,52.0,8.0,-9.0,-9.0,-9.0,-9.0,-9.0,-9.0,-9.0,-9,-9,-,10,2,15,ScAs,-9,2,5,4199,0.0,0.40,-9,12.7,11.9,12.5,13.3,13.6,2,0.5,2,3,2
202604090900,140,32,2.6,-9,-9.0,-9,1008.1,1011.5,7,-1.7,9.7,6.7,82.0,9.8,0.8,0.8,0.8,-9.0,-9.0,-9.0,-9.0,-9,-9,-,10,9,10,-,-9,-9,-9,320,0.0,-9.00,-9,9.8,-99.0,-99.0,-99.0,-99.0,-9,-9.0,-9,1,-9
202604090900,143,14,1.1,-9,-9.0,-9,1006.5,1013.0,7,-1.1,11.4,2.9,56.0,7.5,-9.0,0.0,0.0,-9.0,-9.0,-9.0,-9.0,2,62,-,10,9,7,ScAs,-9,2,5,3681,0.0,0.17,-9,10.8,-99.0,-99.0,-99.0,-99.0,-9,-9.0,-9,3,1
202604090900,146,11,2.0,-9,-9.0,-9,1002.9,1010.1,8,-2.6,12.3,9.1,81.0,11.6,0.3,0.3,0.3,-9.0,-9.0,-9.0,-9.0,60,62,01,10,6,10,ScAs,-9,2,5,2570,0.0,0.16,-9,11.4,-99.0,-99.0,-99.0,-99.0,-9,-9.0,-9,1,1
202604090900,152,20,2.7,-9,-9.0,-9,1003.5,1013.2,8,-0.7,13.9,10.4,80.0,12.6,-9.0,0.0,0.0,-9.0,-9.0,-9.0,-9.0,2,62,-,10,9,5,ScAs,-9,2,5,3387,0.0,0.26,-9,13.0,-99.0,-99.0,-99.0,-99.0,-9,-9.0,-9,3,1
202604090900,155,18,2.5,-9,-9.0,-9,1009.3,1013.5,7,-1.6,11.6,10.6,94.0,12.8,0.0,1.5,1.5,-9.0,-9.0,-9.0,-9.0,21,62,01,10,7,3,ScAs,-9,2,5,2100,0.0,0.20,-9,12.6,-99.0,-99.0,-99.0,-99.0,2,0.5,2,1,1
202604090900,156,18,3.0,-9,-9.0,-9,1000.3,1008.7,8,-2.5,12.9,11.2,90.0,13.3,0.6,2.6,2.6,-9.0,-9.0,-9.0,-9.0,61,62,01,10,8,6,StNs,-9,2,7,2697,0.0,0.12,-9,12.6,-99.0,-99.0,-99.0,-99.0,-9,-9.0,-9,1,1
202604090900,159,23,5.1,-9,-9.0,-9,1005.4,1013.7,7,-1.0,13.9,12.6,92.0,14.6,-9.0,1.2,1.2,-9.0,-9.0,-9.0,-9.0,2,62,-,10,9,2,ScAs,-9,2,5,1265,0.0,0.16,-9,13.8,12.7,12.3,12.3,12.7,2,0.5,3,3,1
202604090900,162,11,1.0,-9,-9.0,-9,1008.6,1012.4,7,-1.9,11.9,11.2,96.0,13.3,0.3,4.3,4.3,-9.0,-9.0,-9.0,-9.0,-9,-9,-,10,9,3,-,-9,-9,-9,390,0.0,0.10,-9,13.0,-99.0,-99.0,-99.0,-99.0,-9,-9.0,-9,1,-9
202604090900,165,14,7.1,16,14.0,829,1003.0,1008.3,7,-2.8,13.3,12.5,95.0,14.5,0.0,4.1,4.1,-9.0,-9.0,-9.0,-9.0,61,66,01,10,9,4,StNs,-9,2,7,2376,0.0,0.30,-9,13.5,12.0,12.1,12.3,12.6,3,1.0,4,1,1
202604090900,168,9,3.7,-9,-9.0,-9,1004.0,1011.9,7,-2.6,10.9,10.1,95.0,12.4,0.9,7.4,7.4,-9.0,-9.0,-9.0,-9.0,61,66,1901,10,7,1,StNs,-9,2,7,769,0.0,0.13,-9,11.3,12.2,12.7,13.4,13.6,2,0.5,3,1,1
202604090900,169,16,16.6,16,25.0,815,997.5,1006.4,5,-2.5,13.3,12.9,98.0,14.9,6.3,15.0,15.0,-9.0,-9.0,-9.0,-9.0,92,96,1901,10,8,7,StNs,-9,2,7,126,0.0,0.06,-9,13.2,-99.0,-99.0,-99.0,-99.0,4,1.5,7,1,1
202604090900,170,14,4.4,-9,-9.0,-9,1005.7,1009.9,7,-2.8,13.0,12.3,96.0,14.3,1.3,12.9,12.9,-9.0,-9.0,-9.0,-9.0,-9,-9,-,9,9,1,-,-9,-9,-9,374,0.0,0.11,-9,12.8,-99.0,-99.0,-99.0,-99.0,-9,-9.0,-9,1,-9
202604090900,172,14,3.1,11,10.0,716,1002.5,1008.8,5,-1.8,12.9,9.7,81.0,12.0,0.0,0.8,0.8,-9.0,-9.0,-9.0,-9.0,-9,-9,-,10,10,6,-,-9,-9,-9,5000,0.0,0.10,-9,10.3,-99.0,-99.0,-99.0,-99.0,-9,-9.0,-9,1,-9
202604090900,174,11,1.9,-9,-9.0,-9,990.0,1009.8,7,-3.1,9.5,9.1,98.0,11.6,0.5,3.2,3.2,-9.0,-9.0,-9.0,-9.0,-9,-9,-,10,10,1,-,-9,-9,-9,425,0.0,-9.00,-9,10.0,-99.0,-99.0,-99.0,-99.0,-9,-9.0,-9,1,-9
202604090900,177,0,0.3,-9,-9.0,-9,1007.3,1010.7,5,-1.4,9.4,5.5,77.0,9.0,0.0,0.1,0.1,-9.0,-9.0,-9.0,-9.0,60,62,1901,10,6,12,ScAs,-9,2,5,985,0.0,0.12,-9,9.5,-99.0,-99.0,-99.0,-99.0,-9,-9.0,-9,1,1
202604090900,184,5,1.0,7,10.0,713,1005.6,1008.0,5,-4.0,16.8,13.7,82.0,15.7,0.2,21.0,21.0,-9.0,-9.0,-9.0,-9.0,91,98,0401,10,9,3,CbStNs,-9,2,9,4899,0.0,0.13,-9,15.3,14.3,14.9,14.6,15.3,2,0.5,1,1,1
202604090900,185,11,10.2,14,20.0,704,999.9,1008.3,5,-2.5,16.1,15.9,99.0,18.1,0.9,24.2,24.2,-9.0,-9.0,-9.0,-9.0,-9,-9,-,9,3,2,-,-9,-9,-9,676,0.0,0.21,-9,15.2,-99.0,-99.0,-99.0,-99.0,-9,-9.0,-9,1,-9
202604090900,188,16,8.7,14,14.0,749,1008.0,1010.4,8,-3.1,16.6,15.7,95.0,17.8,0.7,29.6,29.6,-9.0,-9.0,-9.0,-9.0,-9,-9,-,9,6,2,-,-9,-9,-9,774,0.0,-9.00,-9,16.3,-99.0,-99.0,-99.0,-99.0,-9,-9.0,-9,1,-9
202604090900,189,5,1.1,-9,-9.0,-9,1005.5,1011.6,5,-1.3,17.0,15.8,93.0,17.9,0.2,27.1,27.1,-9.0,-9.0,-9.0,-9.0,61,98,1901,10,9,4,StNs,-9,2,7,770,0.0,0.03,-9,15.7,-99.0,-99.0,-99.0,-99.0,3,1.0,1,1,1
202604090900,192,2,0.7,-9,-9.0,-9,1009.9,1013.5,7,-1.5,8.4,7.6,95.0,10.4,0.3,3.8,3.8,-9.0,-9.0,-9.0,-9.0,-9,-9,-,10,10,-9,-,-9,-9,-9,768,0.0,0.14,-9,11.3,-99.0,-99.0,-99.0,-99.0,-9,-9.0,-9,1,-9
202604090900,201,9,1.5,-9,-9.0,-9,1006.6,1012.4,8,-1.2,9.8,4.3,69.0,8.3,0.0,0.0,0.0,-9.0,-9.0,-9.0,-9.0,-9,-9,-,9,2,18,-,-9,-9,-9,2768,0.0,-9.00,-9,9.8,-99.0,-99.0,-99.0,-99.0,-9,-9.0,-9,1,-9
202604090900,202,0,0.4,-9,-9.0,-9,1007.1,1012.9,8,-1.0,8.2,1.3,62.0,6.7,-9.0,-9.0,-9.0,-9.0,-9.0,-9.0,-9.0,-9,-9,-,10,9,24,-,-9,-9,-9,2007,0.0,-9.00,-9,9.6,-99.0,-99.0,-99.0,-99.0,-9,-9.0,-9,3,-9
202604090900,203,0,0.3,-9,-9.0,-9,1003.6,1013.4,8,-1.1,8.2,2.8,69.0,7.5,-9.0,-9.0,-9.0,-9.0,-9.0,-9.0,-9.0,-9,-9,-,10,8,24,-,-9,-9,-9,1886,0.0,-9.00,-9,9.9,-99.0,-99.0,-99.0,-99.0,-9,-9.0,-9,3,-9
202604090900,211,20,0.7,-9,-9.0,-9,988.9,1013.3,8,-0.9,8.0,1.3,63.0,6.7,-9.0,-9.0,-9.0,-9.0,-9.0,-9.0,-9.0,-9,-9,-,10,2,11,-,-9,-9,-9,2671,0.0,-9.00,-9,10.3,-99.0,-99.0,-99.0,-99.0,-9,-9.0,-9,3,-9
202604090900,212,9,1.1,-9,-9.0,-9,996.9,1014.0,8,-1.2,6.5,-0.4,61.0,5.9,-9.0,-9.0,-9.0,-9.0,-9.0,-9.0,-9.0,-9,-9,-,10,9,32,-,-9,-9,-9,1968,0.0,-9.00,-9,8.1,-99.0,-99.0,-99.0,-99.0,-9,-9.0,-9,3,-9
202604090900,216,18,1.8,-9,-9.0,-9,928.8,1011.3,7,-0.9,10.5,-4.3,35.0,4.4,-9.0,-9.0,-9.0,-9.0,-9.0,-9.0,-9.0,-9,-9,-,9,8,33,-,-9,-9,-9,5000,0.0,0.44,-9,8.1,-99.0,-99.0,-99.0,-99.0,-9,-9.0,-9,3,-9
202604090900,217,18,1.6,-9,-9.0,-9,976.3,1013.4,7,-1.8,10.8,-2.6,39.0,5.0,-9.0,-9.0,-9.0,-9.0,-9.0,-9.0,-9.0,-9,-9,-,10,6,12,-,-9,-9,-9,3682,0.0,-9.00,-9,10.8,9.0,8.5,9.3,10.2,-9,-9.0,-9,3,-9
202604090900,221,11,2.0,-9,-9.0,-9,981.4,1013.4,7,-1.8,7.0,0.0,61.0,6.1,-9.0,-9.0,-9.0,-9.0,-9.0,-9.0,-9.0,-9,-9,-,10,9,27,-,-9,-9,-9,1842,0.0,-9.00,-9,8.2,-99.0,-99.0,-99.0,-99.0,-9,-9.0,-9,3,-9
202604090900,226,36,1.3,-9,-9.0,-9,992.0,1012.8,8,-1.7,7.6,1.4,65.0,6.8,-9.0,0.0,0.0,-9.0,-9.0,-9.0,-9.0,-9,-9,-,10,10,15,-,-9,-9,-9,3887,0.0,-9.00,-9,9.4,-99.0,-99.0,-99.0,-99.0,-9,-9.0,-9,3,-9
202604090900,232,9,0.6,-9,-9.0,-9,1002.2,1012.4,8,-1.6,10.3,3.3,62.0,7.7,-9.0,0.0,0.0,-9.0,-9.0,-9.0,-9.0,-9,-9,-,10,3,19,-,-9,-9,-9,3272,0.0,-9.00,-9,10.9,-99.0,-99.0,-99.0,-99.0,-9,-9.0,-9,3,-9
202604090900,235,9,3.5,-9,-9.0,-9,1009.0,1010.2,6,-1.4,11.8,6.2,69.0,9.5,0.0,0.0,0.0,-9.0,-9.0,-9.0,-9.0,-9,-9,-,10,10,11,-,-9,-9,-9,767,0.0,0.14,-9,10.7,-99.0,-99.0,-99.0,-99.0,-9,-9.0,-9,1,-9
202604090900,236,23,0.5,-9,-9.0,-9,1010.3,1011.9,6,-1.5,9.5,3.2,65.0,7.7,-9.0,0.0,0.0,-9.0,-9.0,-9.0,-9.0,-9,-9,-,10,8,6,-,-9,-9,-9,2775,0.0,-9.00,-9,10.2,-99.0,-99.0,-99.0,-99.0,-9,-9.0,-9,3,-9
202604090900,238,0,0.3,-9,-9.0,-9,990.4,1010.8,8,-2.6,10.2,3.0,61.0,7.6,-9.0,0.0,0.0,-9.0,-9.0,-9.0,-9.0,-9,-9,-,10,3,12,-,-9,-9,-9,4926,0.0,-9.00,-9,10.4,-99.0,-99.0,-99.0,-99.0,-9,-9.0,-9,3,-9
202604090900,239,2,0.7,-9,-9.0,-9,1000.8,1011.6,8,-1.5,9.7,0.5,53.0,6.3,-9.0,0.0,0.0,-9.0,-9.0,-9.0,-9.0,-9,-9,-,10,5,11,-,-9,-9,-9,4139,0.0,0.29,-9,9.7,-99.0,-99.0,-99.0,-99.0,-9,-9.0,-9,3,-9
202604090900,243,5,2.4,-9,-9.0,-9,1008.5,1010.0,8,-1.9,11.3,8.3,82.0,10.9,0.1,0.3,0.3,-9.0,-9.0,-9.0,-9.0,-9,-9,-,10,10,9,-,-9,-9,-9,4269,0.0,-9.00,-9,10.3,-99.0,-99.0,-99.0,-99.0,-9,-9.0,-9,1,-9
202604090900,244,23,1.2,-9,-9.0,-9,980.6,1010.1,8,-2.9,10.0,8.4,90.0,11.0,0.2,0.2,0.2,-9.0,-9.0,-9.0,-9.0,-9,-9,-,10,10,10,-,-9,-9,-9,3439,0.0,-9.00,-9,10.6,-99.0,-99.0,-99.0,-99.0,-9,-9.0,-9,1,-9
202604090900,245,9,3.2,-9,-9.0,-9,1001.4,1009.6,8,-2.2,13.5,9.3,76.0,11.7,0.0,0.4,0.4,-9.0,-9.0,-9.0,-9.0,-9,-9,-,9,9,8,-,-9,-9,-9,4351,0.0,0.06,-9,11.2,-99.0,-99.0,-99.0,-99.0,-9,-9.0,-9,1,-9
202604090900,247,9,2.6,-9,-9.0,-9,993.9,1009.9,8,-3.2,11.4,6.9,74.0,9.9,0.0,0.3,0.3,-9.0,-9.0,-9.0,-9.0,-9,-9,-,10,3,8,-,-9,-9,-9,2699,0.0,-9.00,-9,10.9,-99.0,-99.0,-99.0,-99.0,-9,-9.0,-9,1,-9
202604090900,248,36,1.4,-9,-9.0,-9,963.0,1011.2,7,-2.2,9.3,7.4,88.0,10.3,0.2,0.2,0.2,-9.0,-9.0,-9.0,-9.0,-9,-9,-,10,9,4,-,-9,-9,-9,1595,0.0,-9.00,-9,9.8,-99.0,-99.0,-99.0,-99.0,-9,-9.0,-9,1,-9
202604090900,251,7,2.1,-9,-9.0,-9,1002.0,1009.1,8,-1.8,11.9,9.0,83.0,11.5,-9.0,0.7,0.7,-9.0,-9.0,-9.0,-9.0,-9,-9,-,10,10,6,-,-9,-9,-9,4518,0.0,0.11,-9,11.1,11.8,11.6,11.8,11.8,-9,-9.0,-9,3,-9
202604090900,252,11,1.3,-9,-9.0,-9,1004.9,1009.4,5,-1.8,11.3,9.0,86.0,11.5,0.0,1.7,1.7,-9.0,-9.0,-9.0,-9.0,-9,-9,-,10,8,5,-,-9,-9,-9,4295,0.0,0.01,-9,11.1,11.3,11.3,12.1,12.0,-9,-9.0,-9,1,-9
202604090900,253,11,2.0,-9,-9.0,-9,1007.7,1014.3,7,-1.6,12.1,10.6,91.0,12.8,0.0,0.2,0.2,-9.0,-9.0,-9.0,-9.0,-9,-9,-,10,10,2,-,-9,-9,-9,1021,0.0,0.04,-9,12.5,12.6,13.5,13.8,14.0,-9,-9.0,-9,1,-9
202604090900,254,29,2.4,-9,-9.0,-9,995.5,1011.1,8,-2.6,9.1,7.5,90.0,10.4,0.1,0.8,0.8,-9.0,-9.0,-9.0,-9.0,-9,-9,-,10,5,1,-,-9,-9,-9,927,0.0,0.11,-9,10.2,11.5,11.5,11.9,12.2,-9,-9.0,-9,1,-9
202604090900,255,20,1.5,-9,-9.0,-9,1006.9,1013.0,7,-1.9,13.5,11.7,89.0,13.7,-9.0,0.4,0.4,-9.0,-9.0,-9.0,-9.0,-9,-9,-,10,9,4,-,-9,-9,-9,2524,0.0,0.20,-9,11.8,11.3,12.2,12.3,12.8,-9,-9.0,-9,3,-9
202604090900,257,0,0.2,-9,-9.0,-9,1012.0,1012.8,7,-1.4,13.4,10.9,85.0,13.0,0.0,0.3,0.3,-9.0,-9.0,-9.0,-9.0,-9,-9,-,10,9,1,-,-9,-9,-9,2435,0.0,0.17,-9,13.2,12.0,11.2,10.7,11.6,-9,-9.0,-9,1,-9
202604090900,258,14,1.9,-9,-9.0,-9,1011.8,1012.0,7,-2.4,10.8,10.1,96.0,12.4,1.8,6.2,6.2,-9.0,-9.0,-9.0,-9.0,-9,-9,-,10,8,2,-,-9,-9,-9,733,0.0,0.06,-9,10.4,11.6,12.4,12.8,13.3,-9,-9.0,-9,1,-9
202604090900,259,9,3.0,-9,-9.0,-9,1007.8,1009.7,8,-2.2,12.2,11.7,97.0,13.7,1.2,7.7,7.7,-9.0,-9.0,-9.0,-9.0,-9,-9,-,10,9,4,-,-9,-9,-9,1735,0.0,0.18,-9,12.3,12.5,12.6,12.9,13.5,-9,-9.0,-9,1,-9
202604090900,260,18,4.2,-9,-9.0,-9,1005.0,1010.3,8,-2.1,13.0,11.7,92.0,13.7,1.1,6.2,6.2,-9.0,-9.0,-9.0,-9.0,-9,-9,-,10,7,3,-,-9,-9,-9,2083,0.0,-9.00,-9,12.7,-99.0,-99.0,-99.0,-99.0,-9,-9.0,-9,1,-9
202604090900,261,11,7.8,14,14.0,827,1007.5,1009.5,7,-2.1,13.9,12.6,92.0,14.6,0.4,9.4,9.4,-9.0,-9.0,-9.0,-9.0,-9,-9,-,9,9,4,-,-9,-9,-9,4559,0.0,-9.00,-9,14.0,-99.0,-99.0,-99.0,-99.0,-9,-9.0,-9,1,-9
202604090900,262,18,1.4,-9,-9.0,-9,1004.7,1011.0,7,-2.8,11.1,10.3,95.0,12.5,1.1,8.9,8.9,-9.0,-9.0,-9.0,-9.0,-9,-9,-,10,10,1,-,-9,-9,-9,575,0.0,0.09,-9,11.3,-99.0,-99.0,-99.0,-99.0,-9,-9.0,-9,1,-9
202604090900,263,34,0.7,-9,-9.0,-9,1011.7,1013.4,7,-1.2,7.6,-99.0,-9.0,-9.0,0.2,0.8,0.8,-9.0,-9.0,-9.0,-9.0,-9,-9,-,9,9,1,-,-9,-9,-9,581,0.0,0.01,-9,10.4,10.5,11.4,12.5,13.5,-9,-9.0,-9,1,2
202604090900,264,11,1.6,-9,-9.0,-9,994.2,1012.6,7,-2.4,7.9,-99.0,-9.0,-9.0,0.1,0.3,0.3,-9.0,-9.0,-9.0,-9.0,-9,-9,-,10,6,-9,-,-9,-9,-9,793,0.0,0.09,-9,9.5,9.9,10.4,11.5,12.5,-9,-9.0,-9,1,2
202604090900,266,11,2.4,-9,-9.0,-9,1001.6,1012.2,7,-2.6,10.7,10.6,100.0,12.8,0.8,4.4,4.4,-9.0,-9.0,-9.0,-9.0,-9,-9,-,10,6,1,-,-9,-9,-9,313,0.0,0.12,-9,12.1,13.1,12.1,13.2,13.7,-9,-9.0,-9,1,-9
202604090900,268,11,2.8,9,10.0,754,1006.2,1007.4,5,-1.1,14.1,13.1,94.0,15.1,0.8,12.3,12.3,-9.0,-9.0,-9.0,-9.0,-9,-9,-,10,9,2,-,-9,-9,-9,707,0.0,-9.00,-9,13.1,-99.0,-99.0,-99.0,-99.0,-9,-9.0,-9,1,-9
202604090900,271,16,1.1,-9,-9.0,-9,975.0,1013.8,8,-1.7,9.0,-1.1,49.0,5.6,-9.0,-9.0,-9.0,-9.0,-9.0,-9.0,-9.0,-9,-9,-,10,10,29,-,-9,-9,-9,3053,0.0,-9.00,-9,8.7,-99.0,-99.0,-99.0,-99.0,-9,-9.0,-9,3,-9
202604090900,272,29,1.6,-9,-9.0,-9,988.3,1013.8,8,-0.6,8.1,-0.9,53.0,5.7,-9.0,-9.0,-9.0,-9.0,-9.0,-9.0,-9.0,-9,-9,-,10,10,26,-,-9,-9,-9,1954,0.0,-9.00,-9,10.0,-99.0,-99.0,-99.0,-99.0,-9,-9.0,-9,3,-9
202604090900,273,0,0.2,-9,-9.0,-9,991.9,1012.8,8,-1.1,9.0,0.9,57.0,6.5,-9.0,0.1,0.1,-9.0,-9.0,-9.0,-9.0,-9,-9,-,10,10,13,-,-9,-9,-9,4072,0.0,-9.00,-9,9.4,-99.0,-99.0,-99.0,-99.0,-9,-9.0,-9,3,-9
202604090900,276,14,2.0,-9,-9.0,-9,987.9,1012.9,8,-1.4,10.1,1.7,56.0,6.9,0.0,0.0,0.0,-9.0,-9.0,-9.0,-9.0,-9,-9,-,10,6,10,-,-9,-9,-9,2288,0.0,0.61,-9,11.7,9.4,9.2,9.9,10.0,-9,-9.0,-9,1,-9
202604090900,277,18,0.9,-9,-9.0,-9,1008.0,1012.9,8,-0.4,13.6,0.9,42.0,6.5,-9.0,-9.0,-9.0,-9.0,-9.0,-9.0,-9.0,-9,-9,-,10,10,36,-,-9,-9,-9,4835,0.0,-9.00,-9,12.5,-99.0,-99.0,-99.0,-99.0,-9,-9.0,-9,3,-9
202604090900,278,0,0.3,-9,-9.0,-9,1002.6,1012.5,8,-1.5,9.6,4.3,70.0,8.3,0.0,0.0,0.0,-9.0,-9.0,-9.0,-9.0,-9,-9,-,9,9,8,-,-9,-9,-9,3621,0.0,-9.00,-9,11.3,-99.0,-99.0,-99.0,-99.0,-9,-9.0,-9,1,-9
202604090900,279,7,1.6,-9,-9.0,-9,1007.0,1012.9,7,-1.6,11.2,4.6,64.0,8.5,-9.0,0.0,0.0,-9.0,-9.0,-9.0,-9.0,-9,-9,-,10,5,8,-,-9,-9,-9,3337,0.0,0.28,-9,10.8,-99.0,-99.0,-99.0,-99.0,-9,-9.0,-9,3,-9
202604090900,281,9,0.5,-9,-9.0,-9,1002.3,1013.9,8,-1.1,10.7,5.0,68.0,8.7,-9.0,-9.0,-9.0,-9.0,-9.0,-9.0,-9.0,-9,-9,-,10,10,6,-,-9,-9,-9,2231,0.0,-9.00,-9,11.0,-99.0,-99.0,-99.0,-99.0,-9,-9.0,-9,3,-9
202604090900,283,36,0.9,-9,-9.0,-9,1009.1,1014.0,8,-0.7,10.7,3.7,62.0,8.0,-9.0,0.0,0.0,-9.0,-9.0,-9.0,-9.0,-9,-9,-,10,4,3,-,-9,-9,-9,3677,0.0,0.39,-9,12.3,11.3,12.1,12.3,13.1,-9,-9.0,-9,3,-9
202604090900,284,0,0.4,-9,-9.0,-9,984.9,1012.5,7,-1.5,7.5,4.6,82.0,8.5,0.0,0.0,0.0,-9.0,-9.0,-9.0,-9.0,-9,-9,-,10,8,5,-,-9,-9,-9,513,0.0,0.12,-9,9.1,-99.0,-99.0,-99.0,-99.0,-9,-9.0,-9,1,-9
202604090900,285,0,0.2,-9,-9.0,-9,1010.4,1013.7,7,-1.2,8.2,7.8,98.0,10.6,0.4,0.8,0.8,-9.0,-9.0,-9.0,-9.0,-9,-9,-,10,6,2,-,-9,-9,-9,652,0.0,-9.00,-9,11.2,-99.0,-99.0,-99.0,-99.0,-9,-9.0,-9,1,-9
202604090900,288,29,1.1,-9,-9.0,-9,1011.8,1012.8,7,-1.2,10.4,6.3,76.0,9.5,-9.0,0.0,0.0,-9.0,-9.0,-9.0,-9.0,-9,-9,-,10,10,4,-,-9,-9,-9,825,0.0,0.12,-9,11.3,-99.0,-99.0,-99.0,-99.0,-9,-9.0,-9,3,-9
202604090900,289,32,1.3,-9,-9.0,-9,996.5,1013.3,7,-2.3,7.4,7.2,99.0,10.2,0.4,1.0,1.0,-9.0,-9.0,-9.0,-9.0,-9,-9,-,10,8,1,-,-9,-9,-9,336,0.0,-9.00,-9,9.4,-99.0,-99.0,-99.0,-99.0,-9,-9.0,-9,1,-9
202604090900,294,2,0.6,-9,-9.0,-9,1008.2,1013.6,7,-2.0,11.4,10.6,95.0,12.8,0.2,4.0,4.0,-9.0,-9.0,-9.0,-9.0,-9,-9,-,10,10,1,-,-9,-9,-9,507,0.0,-9.00,-9,13.4,-99.0,-99.0,-99.0,-99.0,-9,-9.0,-9,1,-9
202604090900,295,34,1.4,-9,-9.0,-9,1007.3,1012.8,7,-2.2,10.3,9.6,96.0,11.9,0.6,6.4,6.4,-9.0,-9.0,-9.0,-9.0,-9,-9,-,10,9,2,-,-9,-9,-9,667,0.0,-9.00,-9,12.5,-99.0,-99.0,-99.0,-99.0,-9,-9.0,-9,1,-9
202604092100,90,32,2.1,-9,-9.0,-9,999.0,1001.1,7,-1.6,9.0,8.3,96.0,10.9,1.2,10.8,10.8,-9.0,-9.0,-9.0,-9.0,-9,-9,-,10,7,-9,-,-9,-9,-9,632,-9.0,-9.00,-9,9.9,-99.0,-99.0,-99.0,-99.0,-9,-9.0,-9,1,-9
202604092100,93,0,0.2,-9,-9.0,-9,988.3,999.8,6,-1.5,9.4,9.0,98.0,11.5,0.9,13.5,13.5,-9.0,-9.0,-9.0,-9.0,61,66,1901,10,8,3,StNs,-9,2,7,500,-9.0,-9.00,-9,10.1,10.3,11.1,11.3,11.3,-9,-9.0,-9,1,1
202604092100,95,5,0.8,-9,-9.0,-9,981.0,999.5,5,-0.9,9.8,9.7,100.0,12.0,1.8,9.3,9.3,-9.0,-9.0,-9.0,-9.0,-9,-9,-,10,10,2,-,-9,-9,-9,270,-9.0,-9.00,-9,10.1,-99.0,-99.0,-99.0,-99.0,-9,-9.0,-9,1,-9
202604092100,98,0,0.4,-9,-9.0,-9,984.4,998.1,5,-1.0,10.6,9.9,96.0,12.2,1.0,12.4,12.4,-9.0,-9.0,-9.0,-9.0,-9,-9,-,7,7,1,-,-9,-9,-9,115,-9.0,-9.00,-9,10.8,-99.0,-99.0,-99.0,-99.0,-9,-9.0,-9,1,2
202604092100,99,9,3.0,-9,-9.0,-9,994.8,998.5,5,-0.9,10.3,9.6,96.0,11.9,1.6,13.5,13.5,-9.0,-9.0,-9.0,-9.0,-9,-9,-,9,9,1,-,-9,-9,-9,195,-9.0,-9.00,-9,11.3,-99.0,-99.0,-99.0,-99.0,-9,-9.0,-9,1,2
202604092100,100,0,0.2,-9,-9.0,-9,911.2,999.7,7,-1.7,8.3,7.9,98.0,10.6,0.2,11.4,11.4,-9.0,-9.0,-9.0,-9.0,-9,-9,-,8,8,3,-,-9,-9,-9,139,-9.0,-9.00,-9,7.6,-99.0,-99.0,-99.0,-99.0,-9,-9.0,-9,1,-9
202604092100,101,32,2.1,-9,-9.0,-9,989.7,998.8,6,-1.6,9.4,8.9,97.0,11.4,2.4,14.5,14.5,-9.0,-9.0,-9.0,-9.0,-9,-9,-,10,5,3,-,-9,-9,-9,370,-9.0,-9.00,-9,9.8,10.6,10.8,10.8,11.0,-9,-9.0,-9,1,-9
202604092100,102,9,2.3,11,11.0,1516,992.0,996.3,3,0.2,9.1,8.6,97.0,11.2,0.2,6.6,6.6,-9.0,-9.0,-9.0,-9.0,60,64,191601,10,8,6,ScAs,-9,2,5,137,-9.0,-9.00,-9,9.0,-99.0,-99.0,-99.0,-99.0,-9,1.0,-9,1,1
202604092100,104,5,2.4,-9,-9.0,-9,990.1,999.1,7,-1.7,9.7,9.6,100.0,11.9,0.4,9.6,9.6,-9.0,-9.0,-9.0,-9.0,61,66,1901,10,7,1,StNs,-9,2,7,276,-9.0,-9.00,-9,11.1,11.7,11.9,12.1,11.9,-9,-9.0,-9,1,1
202604092100,105,0,0.0,-9,-9.0,-9,997.0,1000.2,7,-1.8,11.2,9.9,92.0,12.2,-9.0,7.7,7.7,-9.0,-9.0,-9.0,-9.0,-9,-9,-,9,9,1,-,-9,-9,-9,385,-9.0,-9.00,-9,10.7,10.9,11.1,11.2,11.5,-9,-9.0,-9,3,-9
202604092100,106,20,0.5,-9,-9.0,-9,995.2,1000.0,6,-1.8,11.1,10.6,97.0,12.8,0.1,3.8,3.8,-9.0,-9.0,-9.0,-9.0,-9,-9,-,9,7,2,-,-9,-9,-9,244,-9.0,-9.00,-9,11.5,-99.0,-99.0,-99.0,-99.0,-9,-9.0,-9,1,-9
202604092100,108,7,3.0,5,10.0,1544,987.5,997.6,7,-1.0,11.7,11.2,97.0,13.3,0.8,15.0,15.0,-9.0,-9.0,-9.0,-9.0,61,66,1901,10,8,2,StNs,-9,2,7,299,-9.0,-9.00,-9,11.2,11.0,9.3,9.5,9.7,-9,-9.0,-9,1,1
202604092100,112,16,2.6,-9,-9.0,-9,988.9,997.0,5,-0.6,12.8,12.6,99.0,14.6,0.7,13.1,13.1,-9.0,-9.0,-9.0,-9.0,61,66,01,10,8,1,StNs,-9,2,7,152,-9.0,-9.00,-9,11.4,10.9,10.4,10.6,-99.0,2,0.5,2,1,1
202604092100,114,2,0.7,-9,-9.0,-9,980.7,998.4,5,-0.9,12.0,11.2,95.0,13.3,0.8,11.0,11.0,-9.0,-9.0,-9.0,-9.0,-9,-9,-,7,7,2,-,-9,-9,-9,1279,-9.0,-9.00,-9,11.3,-99.0,-99.0,-99.0,-99.0,-9,-9.0,-9,1,-9
202604092100,115,25,2.1,-9,-9.0,-9,976.8,1002.8,7,-2.1,12.3,11.6,96.0,13.7,5.4,31.8,31.8,-9.0,-9.0,-9.0,-9.0,63,64,1601,10,9,1,StNs,-9,2,7,8,-9.0,-9.00,-9,11.3,11.2,11.0,11.6,11.0,4,2.0,2,1,1
202604092100,119,9,0.6,-9,-9.0,-9,992.7,997.4,5,-0.9,11.9,11.1,95.0,13.2,0.2,9.3,9.3,-9.0,-9.0,-9.0,-9.0,61,66,1901,10,8,3,StNs,-9,2,7,308,-9.0,-9.00,-9,11.0,10.4,10.2,10.2,10.3,-9,-9.0,-9,1,1
202604092100,121,0,0.3,-9,-9.0,-9,971.5,1000.0,6,-1.5,9.1,8.9,99.0,11.4,1.1,13.4,13.4,-9.0,-9.0,-9.0,-9.0,-9,-9,-,10,5,5,-,-9,-9,-9,114,-9.0,-9.00,-9,9.7,-99.0,-99.0,-99.0,-99.0,-9,-9.0,-9,1,-9
202604092100,127,0,0.2,-9,-9.0,-9,984.2,997.8,5,-0.9,11.6,10.8,95.0,12.9,1.3,9.9,9.9,-9.0,-9.0,-9.0,-9.0,-9,-9,-,9,8,3,-,-9,-9,-9,276,-9.0,-9.00,-9,11.3,-99.0,-99.0,-99.0,-99.0,-9,-9.0,-9,1,-9
202604092100,129,18,4.1,-9,-9.0,-9,994.8,997.8,3,0.5,12.5,12.3,99.0,14.3,1.2,13.3,13.3,-9.0,-9.0,-9.0,-9.0,-9,-9,-,9,9,1,-,-9,-9,-9,270,-9.0,-9.00,-9,12.5,13.2,11.2,11.1,11.0,-9,-9.0,-9,1,-9
202604092100,130,20,2.2,-9,-9.0,-9,994.3,1000.1,7,-1.8,12.5,11.7,95.0,13.7,0.1,3.9,3.9,-9.0,-9.0,-9.0,-9.0,-9,-9,-,10,1,5,-,-9,-9,-9,1040,-9.0,-9.00,-9,12.0,-99.0,-99.0,-99.0,-99.0,-9,-9.0,-9,1,-9
202604092100,131,0,0.3,-9,-9.0,-9,991.0,997.9,5,-0.4,13.6,11.9,90.0,13.9,0.1,11.2,11.2,-9.0,-9.0,-9.0,-9.0,21,62,1901,10,7,8,ScAs,-9,2,5,1509,-9.0,-9.00,-9,12.8,-99.0,-99.0,-99.0,-99.0,-9,-9.0,-9,1,1
202604092100,133,14,1.2,-9,-9.0,-9,990.6,998.6,3,0.2,12.5,12.1,98.0,14.1,0.2,11.3,11.3,-9.0,-9.0,-9.0,-9.0,61,65,19160201,10,10,5,St,-9,-9,7,92,-9.0,-9.00,-9,11.8,12.1,11.9,12.0,12.2,-9,-9.0,-9,1,1
202604092100,135,0,0.4,-9,-9.0,-9,970.5,999.0,5,-1.1,13.5,12.0,91.0,14.0,0.1,10.6,10.6,-9.0,-9.0,-9.0,-9.0,-9,-9,-,9,9,3,-,-9,-9,-9,3472,-9.0,-9.00,-9,11.8,-99.0,-99.0,-99.0,-99.0,-9,-9.0,-9,1,-9
202604092100,136,0,0.0,-9,-9.0,-9,984.2,1001.0,7,-2.0,10.8,9.5,92.0,11.9,1.5,9.7,9.7,-9.0,-9.0,-9.0,-9.0,61,66,1901,10,8,4,StNs,-9,2,7,165,-9.0,-9.00,-9,10.8,-99.0,-99.0,-99.0,-99.0,-9,-9.0,-9,1,1
202604092100,137,0,0.4,-9,-9.0,-9,987.6,999.1,6,-1.5,9.8,9.3,97.0,11.7,0.6,9.2,9.2,-9.0,-9.0,-9.0,-9.0,-9,-9,-,10,10,-9,-,-9,-9,-9,269,-9.0,-9.00,-9,10.3,-99.0,-99.0,-99.0,-99.0,-9,-9.0,-9,1,-9
202604092100,138,32,1.9,-9,-9.0,-9,999.4,999.9,7,-2.5,13.9,12.7,93.0,14.7,0.4,7.4,7.4,-9.0,-9.0,-9.0,-9.0,60,62,01,10,7,8,StNs,-9,2,7,1828,-9.0,-9.00,-9,13.4,13.7,13.7,13.7,13.5,2,0.5,2,1,1
202604092100,140,16,3.4,-9,-9.0,-9,996.4,999.7,2,1.3,14.9,13.2,90.0,15.2,1.9,24.9,24.9,-9.0,-9.0,-9.0,-9.0,-9,-9,-,10,6,4,-,-9,-9,-9,447,-9.0,-9.00,-9,14.1,-99.0,-99.0,-99.0,-99.0,-9,-9.0,-9,1,-9
202604092100,143,11,1.8,-9,-9.0,-9,993.2,999.6,5,-1.7,14.6,13.1,91.0,15.1,0.2,5.6,5.6,-9.0,-9.0,-9.0,-9.0,60,62,01,10,9,7,StNs,-9,2,7,4431,-9.0,-9.00,-9,13.3,-99.0,-99.0,-99.0,-99.0,-9,-9.0,-9,1,1
202604092100,146,20,1.8,18,11.0,1521,991.7,998.8,3,1.0,16.2,14.5,90.0,16.5,0.1,10.2,10.2,-9.0,-9.0,-9.0,-9.0,60,65,190201,10,8,9,ScAs,-9,2,5,628,-9.0,-9.00,-9,15.0,-99.0,-99.0,-99.0,-99.0,-9,-9.0,-9,1,1
202604092100,152,18,0.9,18,13.0,1645,990.7,1000.3,7,-2.6,13.4,13.2,99.0,15.2,2.0,16.3,16.3,-9.0,-9.0,-9.0,-9.0,61,64,191601,10,9,1,StNs,-9,2,7,82,-9.0,-9.00,-9,13.2,-99.0,-99.0,-99.0,-99.0,-9,-9.0,-9,1,1
202604092100,155,23,1.1,-9,-9.0,-9,996.4,1000.5,6,-2.1,14.9,14.5,98.0,16.5,0.7,40.1,40.1,-9.0,-9.0,-9.0,-9.0,21,62,1901,10,7,3,ScAs,-9,2,5,2596,-9.0,-9.00,-9,14.1,-99.0,-99.0,-99.0,-99.0,2,0.5,1,1,1
202604092100,156,18,4.5,14,14.0,1501,991.2,999.4,2,1.4,15.8,15.3,97.0,17.4,0.5,29.3,29.3,-9.0,-9.0,-9.0,-9.0,61,66,1901,10,7,3,StNs,-9,2,7,378,-9.0,-9.00,-9,15.3,-99.0,-99.0,-99.0,-99.0,-9,-9.0,-9,1,1
202604092100,159,25,7.3,25,14.0,2035,992.3,1000.4,7,-2.0,16.7,16.0,96.0,18.2,3.2,53.5,53.5,-9.0,-9.0,-9.0,-9.0,62,66,1901,10,10,1,St,-9,-9,7,499,-9.0,-9.00,-9,14.8,13.4,12.8,12.3,12.5,2,0.5,4,1,1
202604092100,162,23,5.0,23,22.0,1924,997.1,1000.8,3,0.4,16.6,15.6,94.0,17.7,-9.0,75.5,75.5,-9.0,-9.0,-9.0,-9.0,-9,-9,-,10,10,2,-,-9,-9,-9,634,-9.0,-9.00,-9,16.1,-99.0,-99.0,-99.0,-99.0,-9,-9.0,-9,3,-9
202604092100,165,20,6.0,23,13.0,1810,995.4,1000.7,2,1.0,15.0,14.9,100.0,16.9,-9.0,48.9,48.9,-9.0,-9.0,-9.0,-9.0,10,62,19,10,10,1,St,-9,-9,6,173,-9.0,-9.00,-9,14.4,13.5,13.4,12.9,12.7,3,1.0,4,3,1
202604092100,168,23,8.2,25,14.0,1832,993.8,1001.5,2,1.1,15.7,15.0,96.0,17.0,0.0,66.4,66.4,-9.0,-9.0,-9.0,-9.0,61,62,1901,10,7,2,StNs,-9,2,7,460,-9.0,-9.00,-9,14.9,14.2,14.3,13.5,13.5,2,0.5,5,1,1
202604092100,169,23,5.4,23,19.0,1609,991.4,1000.2,2,1.9,15.1,13.8,92.0,15.8,-9.0,31.1,31.1,-9.0,-9.0,-9.0,-9.0,10,65,19,8,8,2,Sc,0,0,5,574,-9.0,-9.00,-9,14.6,-99.0,-99.0,-99.0,-99.0,4,1.5,3,3,1
202604092100,170,27,3.8,27,16.0,1630,997.3,1001.4,2,1.0,16.5,15.5,94.0,17.6,0.5,81.8,81.8,-9.0,-9.0,-9.0,-9.0,-9,-9,-,10,9,2,-,-9,-9,-9,680,-9.0,-9.00,-9,15.7,-99.0,-99.0,-99.0,-99.0,-9,-9.0,-9,1,-9
202604092100,172,18,4.1,14,19.0,1518,993.1,999.2,2,1.7,15.1,14.4,96.0,16.4,0.1,12.8,12.8,-9.0,-9.0,-9.0,-9.0,-9,-9,-,8,8,3,-,-9,-9,-9,825,-9.0,-9.00,-9,13.4,-99.0,-99.0,-99.0,-99.0,-9,-9.0,-9,1,-9
202604092100,174,0,0.4,-9,-9.0,-9,980.3,999.6,3,0.5,13.9,13.7,99.0,15.7,-9.0,59.4,59.4,-9.0,-9.0,-9.0,-9.0,-9,-9,-,10,10,1,-,-9,-9,-9,95,-9.0,-9.00,-9,13.4,-99.0,-99.0,-99.0,-99.0,-9,-9.0,-9,3,-9
202604092100,177,16,2.8,-9,-9.0,-9,993.5,996.8,5,-0.2,13.9,12.7,93.0,14.7,1.3,16.7,16.7,-9.0,-9.0,-9.0,-9.0,61,62,1901,10,7,1,StNs,-9,2,7,256,-9.0,-9.00,-9,12.3,-99.0,-99.0,-99.0,-99.0,-9,-9.0,-9,1,1
202604092100,184,23,5.1,20,19.0,1518,998.7,1001.1,0,0.9,20.5,15.9,75.0,18.1,0.0,31.7,31.7,-9.0,-9.0,-9.0,-9.0,21,62,01,8,0,-9,Ci,2,0,0,2626,-9.0,-9.00,-9,16.7,16.5,16.5,16.4,15.3,3,1.0,3,1,1
202604092100,185,16,6.6,18,18.0,1527,994.8,1003.2,2,1.4,15.5,15.4,100.0,17.5,-9.0,63.8,63.8,-9.0,-9.0,-9.0,-9.0,-9,-9,-,9,9,-9,-,-9,-9,-9,156,-9.0,-9.00,-9,16.0,-99.0,-99.0,-99.0,-99.0,-9,-9.0,-9,3,-9
202604092100,188,20,4.7,23,16.0,1721,1000.8,1003.2,2,1.3,16.5,15.6,95.0,17.7,-9.0,78.0,78.0,-9.0,-9.0,-9.0,-9.0,-9,-9,-,10,10,-9,-,-9,-9,-9,597,-9.0,-9.00,-9,15.9,-99.0,-99.0,-99.0,-99.0,-9,-9.0,-9,3,-9
202604092100,189,25,2.1,25,17.0,1527,997.8,1003.9,2,1.6,16.3,15.4,95.0,17.5,0.0,69.1,69.1,-9.0,-9.0,-9.0,-9.0,60,62,1901,10,9,2,StNs,-9,2,7,460,-9.0,-9.00,-9,16.4,-99.0,-99.0,-99.0,-99.0,5,3.0,2,1,1
202604092100,192,0,0.2,-9,-9.0,-9,997.3,1000.8,5,-0.5,13.8,13.3,97.0,15.3,0.0,46.4,46.4,-9.0,-9.0,-9.0,-9.0,-9,-9,-,9,9,-9,-,-9,-9,-9,692,-9.0,-9.00,-9,13.8,-99.0,-99.0,-99.0,-99.0,-9,-9.0,-9,1,-9
202604092100,201,9,1.1,-9,-9.0,-9,992.4,998.1,5,-0.6,11.0,10.9,100.0,13.0,1.2,13.0,13.0,-9.0,-9.0,-9.0,-9.0,-9,-9,-,9,8,2,-,-9,-9,-9,236,-9.0,-9.00,-9,10.2,-99.0,-99.0,-99.0,-99.0,-9,-9.0,-9,1,-9
202604092100,202,18,0.9,-9,-9.0,-9,992.7,998.3,7,-1.3,11.3,10.9,98.0,13.0,1.7,16.4,16.4,-9.0,-9.0,-9.0,-9.0,-9,-9,-,10,5,1,-,-9,-9,-9,288,-9.0,-9.00,-9,11.1,-99.0,-99.0,-99.0,-99.0,-9,-9.0,-9,1,2
202604092100,203,0,0.1,-9,-9.0,-9,989.4,998.9,5,-1.3,11.0,10.9,100.0,13.0,1.4,15.6,15.6,-9.0,-9.0,-9.0,-9.0,-9,-9,-,8,6,4,-,-9,-9,-9,119,-9.0,-9.00,-9,11.4,-99.0,-99.0,-99.0,-99.0,-9,-9.0,-9,1,-9
202604092100,211,7,2.4,-9,-9.0,-9,975.9,999.9,6,-1.8,9.2,8.5,96.0,11.1,0.4,11.7,11.7,-9.0,-9.0,-9.0,-9.0,-9,-9,-,10,7,2,-,-9,-9,-9,848,-9.0,-9.00,-9,10.2,-99.0,-99.0,-99.0,-99.0,-9,-9.0,-9,1,-9
202604092100,212,11,0.5,-9,-9.0,-9,982.9,999.6,5,-1.3,10.3,9.2,93.0,11.6,3.9,19.1,19.1,-9.0,-9.0,-9.0,-9.0,-9,-9,-,10,7,2,-,-9,-9,-9,405,-9.0,-9.00,-9,9.9,-99.0,-99.0,-99.0,-99.0,-9,-9.0,-9,1,-9
202604092100,216,18,2.7,-9,-9.0,-9,917.6,998.5,7,-2.2,12.3,10.5,89.0,12.7,0.4,11.3,11.3,-9.0,-9.0,-9.0,-9.0,-9,-9,-,9,9,7,-,-9,-9,-9,4846,-9.0,-9.00,-9,10.2,-99.0,-99.0,-99.0,-99.0,-9,-9.0,-9,1,-9
202604092100,217,18,0.5,-9,-9.0,-9,963.2,1000.0,7,-2.1,9.4,8.9,97.0,11.4,0.0,13.3,13.3,-9.0,-9.0,-9.0,-9.0,-9,-9,-,9,5,2,-,-9,-9,-9,644,-9.0,-9.00,-9,10.2,10.2,10.3,10.3,10.7,-9,-9.0,-9,1,-9
202604092100,221,0,0.2,-9,-9.0,-9,968.0,999.0,6,-1.2,11.2,11.1,100.0,13.2,4.0,16.7,16.7,-9.0,-9.0,-9.0,-9.0,-9,-9,-,10,6,6,-,-9,-9,-9,140,-9.0,-9.00,-9,10.8,-99.0,-99.0,-99.0,-99.0,-9,-9.0,-9,1,-9
202604092100,226,18,1.0,-9,-9.0,-9,978.9,999.0,5,-0.5,12.9,12.4,97.0,14.4,0.3,8.4,8.4,-9.0,-9.0,-9.0,-9.0,-9,-9,-,9,9,2,-,-9,-9,-9,1633,-9.0,-9.00,-9,11.8,-99.0,-99.0,-99.0,-99.0,-9,-9.0,-9,1,-9
202604092100,232,9,2.7,-9,-9.0,-9,988.6,998.6,5,-0.6,12.7,12.6,100.0,14.6,0.2,11.4,11.4,-9.0,-9.0,-9.0,-9.0,-9,-9,-,9,8,3,-,-9,-9,-9,1016,-9.0,-9.00,-9,12.2,-99.0,-99.0,-99.0,-99.0,-9,-9.0,-9,1,-9
202604092100,235,18,5.7,23,11.0,1923,996.8,998.0,2,1.7,13.2,12.7,97.0,14.7,0.2,15.9,15.9,-9.0,-9.0,-9.0,-9.0,-9,-9,-,10,10,-9,-,-9,-9,-9,252,-9.0,-9.00,-9,13.3,-99.0,-99.0,-99.0,-99.0,-9,-9.0,-9,1,-9
202604092100,236,20,2.4,-9,-9.0,-9,997.3,998.9,2,0.8,14.5,14.4,100.0,16.4,1.1,18.4,18.4,-9.0,-9.0,-9.0,-9.0,-9,-9,-,9,5,1,-,-9,-9,-9,436,-9.0,-9.00,-9,12.6,-99.0,-99.0,-99.0,-99.0,-9,-9.0,-9,1,-9
202604092100,238,0,0.4,-9,-9.0,-9,978.3,998.2,5,-0.2,13.3,13.2,100.0,15.2,0.1,15.8,15.8,-9.0,-9.0,-9.0,-9.0,-9,-9,-,10,9,6,-,-9,-9,-9,833,-9.0,-9.00,-9,12.5,-99.0,-99.0,-99.0,-99.0,-9,-9.0,-9,1,-9
202604092100,239,11,0.7,-9,-9.0,-9,987.5,998.1,4,0.0,12.1,12.0,100.0,14.0,0.8,10.8,10.8,-9.0,-9.0,-9.0,-9.0,-9,-9,-,9,3,2,-,-9,-9,-9,67,-9.0,-9.00,-9,11.5,-99.0,-99.0,-99.0,-99.0,-9,-9.0,-9,1,-9
202604092100,243,20,1.2,-9,-9.0,-9,997.6,999.0,2,1.5,15.8,15.1,96.0,17.2,0.7,31.6,31.6,-9.0,-9.0,-9.0,-9.0,-9,-9,-,10,7,1,-,-9,-9,-9,735,-9.0,-9.00,-9,14.1,-99.0,-99.0,-99.0,-99.0,-9,-9.0,-9,1,-9
202604092100,244,23,2.9,25,12.0,1510,970.7,999.3,2,0.6,15.1,14.6,97.0,16.6,0.2,11.3,11.3,-9.0,-9.0,-9.0,-9.0,-9,-9,-,9,9,1,-,-9,-9,-9,787,-9.0,-9.00,-9,13.9,-99.0,-99.0,-99.0,-99.0,-9,-9.0,-9,1,-9
202604092100,245,20,2.5,20,14.0,1555,991.1,999.1,2,1.4,16.2,15.2,94.0,17.3,0.3,10.6,10.6,-9.0,-9.0,-9.0,-9.0,-9,-9,-,10,10,3,-,-9,-9,-9,850,-9.0,-9.00,-9,14.9,-99.0,-99.0,-99.0,-99.0,-9,-9.0,-9,1,-9
202604092100,247,29,1.5,16,15.0,1532,984.2,999.8,2,1.0,14.9,14.8,100.0,16.8,-9.0,16.9,16.9,-9.0,-9.0,-9.0,-9.0,-9,-9,-,9,9,4,-,-9,-9,-9,479,-9.0,-9.00,-9,14.0,-99.0,-99.0,-99.0,-99.0,-9,-9.0,-9,3,-9
202604092100,248,18,1.5,-9,-9.0,-9,952.6,999.2,5,-0.8,15.0,14.1,95.0,16.1,-9.0,16.8,16.8,-9.0,-9.0,-9.0,-9.0,-9,-9,-,9,9,2,-,-9,-9,-9,736,-9.0,-9.00,-9,13.3,-99.0,-99.0,-99.0,-99.0,-9,-9.0,-9,3,-9
202604092100,251,20,2.3,14,15.0,1501,992.3,999.2,2,1.8,15.3,14.4,95.0,16.4,0.5,14.1,14.1,-9.0,-9.0,-9.0,-9.0,-9,-9,-,9,2,2,-,-9,-9,-9,435,-9.0,-9.00,-9,14.3,13.8,13.1,12.3,12.0,-9,-9.0,-9,1,-9
202604092100,252,18,2.5,14,10.0,1510,995.6,1000.0,2,1.8,14.5,13.8,96.0,15.8,0.3,17.6,17.6,-9.0,-9.0,-9.0,-9.0,-9,-9,-,8,8,70,-,-9,-9,-9,283,-9.0,-9.00,-9,13.8,14.6,13.6,12.6,12.3,-9,-9.0,-9,1,-9
202604092100,253,11,0.9,-9,-9.0,-9,995.3,1001.7,6,-1.8,16.1,15.9,99.0,18.1,0.9,33.9,33.9,-9.0,-9.0,-9.0,-9.0,-9,-9,-,9,9,1,-,-9,-9,-9,722,-9.0,-9.00,-9,14.3,13.6,13.8,13.6,13.6,-9,-9.0,-9,1,-9
202604092100,254,20,1.2,16,17.0,1603,985.3,1000.4,2,0.7,16.2,15.0,93.0,17.0,0.5,26.4,26.4,-9.0,-9.0,-9.0,-9.0,-9,-9,-,7,3,-9,-,-9,-9,-9,338,-9.0,-9.00,-9,14.8,13.5,13.0,12.4,12.2,-9,-9.0,-9,1,2
202604092100,255,32,1.0,14,11.0,1507,994.4,1000.4,5,-1.7,15.4,15.2,99.0,17.3,0.3,28.6,28.6,-9.0,-9.0,-9.0,-9.0,-9,-9,-,9,9,3,-,-9,-9,-9,851,-9.0,-9.00,-9,13.4,13.3,14.1,13.8,12.9,-9,-9.0,-9,1,-9
202604092100,257,7,1.3,-9,-9.0,-9,999.2,999.9,7,-2.1,14.2,14.1,100.0,16.1,0.9,22.4,22.4,-9.0,-9.0,-9.0,-9.0,-9,-9,-,10,2,-9,-,-9,-9,-9,268,-9.0,-9.00,-9,13.4,13.4,12.7,12.1,11.8,-9,-9.0,-9,1,-9
202604092100,258,20,0.7,-9,-9.0,-9,1001.4,1001.6,2,1.3,16.4,16.0,98.0,18.2,-9.0,83.0,83.0,-9.0,-9.0,-9.0,-9.0,-9,-9,-,10,10,2,-,-9,-9,-9,833,-9.0,-9.00,-9,13.6,13.6,13.3,13.1,13.1,-9,-9.0,-9,3,-9
202604092100,259,25,1.9,-9,-9.0,-9,999.3,1001.2,2,1.7,15.6,15.4,99.0,17.5,-9.0,64.7,64.7,-9.0,-9.0,-9.0,-9.0,-9,-9,-,10,10,2,-,-9,-9,-9,564,-9.0,-9.00,-9,14.4,14.1,13.8,13.2,13.6,-9,-9.0,-9,3,-9
202604092100,260,14,1.2,14,12.0,1517,996.0,1001.2,2,1.7,15.8,15.1,96.0,17.2,-9.0,71.2,71.2,-9.0,-9.0,-9.0,-9.0,-9,-9,-,10,9,-9,-,-9,-9,-9,152,-9.0,-9.00,-9,15.1,-99.0,-99.0,-99.0,-99.0,-9,-9.0,-9,3,-9
202604092100,261,20,3.1,23,17.0,1701,999.8,1001.7,2,0.9,15.0,14.5,97.0,16.5,0.0,52.2,52.2,-9.0,-9.0,-9.0,-9.0,-9,-9,-,10,10,1,-,-9,-9,-9,554,-9.0,-9.00,-9,14.6,-99.0,-99.0,-99.0,-99.0,-9,-9.0,-9,1,-9
202604092100,262,20,3.2,20,11.0,1616,995.4,1001.5,2,1.6,16.2,15.3,95.0,17.4,0.0,69.7,69.7,-9.0,-9.0,-9.0,-9.0,-9,-9,-,10,10,1,-,-9,-9,-9,315,-9.0,-9.00,-9,15.2,-99.0,-99.0,-99.0,-99.0,-9,-9.0,-9,1,-9
202604092100,263,2,0.7,-9,-9.0,-9,998.2,999.9,5,-1.1,13.0,-99.0,-9.0,-9.0,0.1,29.0,29.0,-9.0,-9.0,-9.0,-9.0,-9,-9,-,10,9,-9,-,-9,-9,-9,405,-9.0,-9.00,-9,13.4,13.7,13.3,12.8,13.4,-9,-9.0,-9,1,-9
202604092100,264,25,0.5,-9,-9.0,-9,982.3,1000.1,5,-0.9,13.7,-99.0,-9.0,-9.0,0.0,21.4,21.4,-9.0,-9.0,-9.0,-9.0,-9,-9,-,9,4,-9,-,-9,-9,-9,984,-9.0,-9.00,-9,13.0,13.0,12.8,12.5,12.5,-9,-9.0,-9,1,-9
202604092100,266,27,2.3,-9,-9.0,-9,991.2,1001.5,3,0.6,15.8,15.7,100.0,17.8,-9.0,65.5,65.5,-9.0,-9.0,-9.0,-9.0,-9,-9,-,10,10,-9,-,-9,-9,-9,71,-9.0,-9.00,-9,12.4,13.0,11.8,11.6,11.2,-9,-9.0,-9,3,-9
202604092100,268,20,2.9,18,13.0,1601,999.1,1000.3,2,0.9,15.7,15.0,96.0,17.0,-9.0,59.0,59.0,-9.0,-9.0,-9.0,-9.0,-9,-9,-,10,10,2,-,-9,-9,-9,630,-9.0,-9.00,-9,14.6,-99.0,-99.0,-99.0,-99.0,-9,-9.0,-9,3,-9
202604092100,271,36,1.4,-9,-9.0,-9,962.4,1000.4,7,-2.4,11.0,10.6,98.0,12.8,1.2,19.5,19.5,-9.0,-9.0,-9.0,-9.0,-9,-9,-,9,9,2,-,-9,-9,-9,892,-9.0,-9.00,-9,10.3,-99.0,-99.0,-99.0,-99.0,-9,-9.0,-9,1,-9
202604092100,272,29,1.9,-9,-9.0,-9,975.4,1000.4,7,-1.9,10.6,10.5,100.0,12.7,0.9,22.0,22.0,-9.0,-9.0,-9.0,-9.0,-9,-9,-,9,9,2,-,-9,-9,-9,210,-9.0,-9.00,-9,10.7,-99.0,-99.0,-99.0,-99.0,-9,-9.0,-9,1,-9
202604092100,273,32,0.6,-9,-9.0,-9,979.0,999.4,6,-1.5,11.9,11.8,100.0,13.8,1.7,16.1,16.1,-9.0,-9.0,-9.0,-9.0,-9,-9,-,10,9,1,-,-9,-9,-9,324,-9.0,-9.00,-9,11.0,-99.0,-99.0,-99.0,-99.0,-9,-9.0,-9,1,-9
202604092100,276,14,2.0,-9,-9.0,-9,974.9,999.4,7,-1.7,12.4,11.1,92.0,13.2,1.4,11.5,11.5,-9.0,-9.0,-9.0,-9.0,-9,-9,-,10,2,-9,-,-9,-9,-9,967,-9.0,-9.00,-9,12.2,12.2,12.1,11.8,10.9,-9,-9.0,-9,1,-9
202604092100,277,18,1.9,18,10.0,1919,995.2,1000.0,7,-2.0,12.8,12.0,95.0,14.0,1.0,8.2,8.2,-9.0,-9.0,-9.0,-9.0,-9,-9,-,10,10,5,-,-9,-9,-9,959,-9.0,-9.00,-9,12.5,-99.0,-99.0,-99.0,-99.0,-9,-9.0,-9,1,-9
202604092100,278,34,0.6,-9,-9.0,-9,989.1,998.8,7,-1.9,11.6,11.5,100.0,13.6,0.6,12.3,12.3,-9.0,-9.0,-9.0,-9.0,-9,-9,-,10,10,7,-,-9,-9,-9,417,-9.0,-9.00,-9,11.4,-99.0,-99.0,-99.0,-99.0,-9,-9.0,-9,1,-9
202604092100,279,9,1.8,11,13.0,1626,993.2,999.0,6,-1.2,15.2,13.2,88.0,15.2,0.4,7.8,7.8,-9.0,-9.0,-9.0,-9.0,-9,-9,-,10,6,6,-,-9,-9,-9,5000,-9.0,-9.00,-9,13.4,-99.0,-99.0,-99.0,-99.0,-9,-9.0,-9,1,-9
202604092100,281,5,1.1,-9,-9.0,-9,989.2,1000.5,7,-1.8,13.2,12.7,97.0,14.7,0.1,7.4,7.4,-9.0,-9.0,-9.0,-9.0,-9,-9,-,10,10,4,-,-9,-9,-9,3311,-9.0,-9.00,-9,12.5,-99.0,-99.0,-99.0,-99.0,-9,-9.0,-9,1,-9
202604092100,283,18,3.7,18,11.0,1711,995.7,1000.4,7,-2.3,14.0,12.8,93.0,14.8,0.7,10.9,10.9,-9.0,-9.0,-9.0,-9.0,-9,-9,-,10,6,5,-,-9,-9,-9,3892,-9.0,-9.00,-9,13.0,13.2,13.6,13.5,13.1,-9,-9.0,-9,1,-9
202604092100,284,0,0.3,-9,-9.0,-9,972.3,999.0,7,-1.4,13.3,12.1,93.0,14.1,0.1,20.1,20.1,-9.0,-9.0,-9.0,-9.0,-9,-9,-,10,4,2,-,-9,-9,-9,1472,-9.0,-9.00,-9,12.2,-99.0,-99.0,-99.0,-99.0,-9,-9.0,-9,1,-9
202604092100,285,0,0.0,-9,-9.0,-9,997.0,1000.2,7,-1.3,13.5,13.3,99.0,15.3,0.6,31.7,31.7,-9.0,-9.0,-9.0,-9.0,-9,-9,-,9,9,2,-,-9,-9,-9,135,-9.0,-9.00,-9,12.8,-99.0,-99.0,-99.0,-99.0,-9,-9.0,-9,1,-9
202604092100,288,0,0.4,-9,-9.0,-9,998.2,999.2,7,-1.8,14.4,13.9,97.0,15.9,0.7,22.0,22.0,-9.0,-9.0,-9.0,-9.0,-9,-9,-,10,4,4,-,-9,-9,-9,4848,-9.0,-9.00,-9,14.0,-99.0,-99.0,-99.0,-99.0,-9,-9.0,-9,1,-9
202604092100,289,2,1.1,2,11.0,1625,984.4,1000.6,5,-0.9,14.3,14.1,99.0,16.1,-9.0,36.9,36.9,-9.0,-9.0,-9.0,-9.0,-9,-9,-,10,8,2,-,-9,-9,-9,4502,-9.0,-9.00,-9,13.6,-99.0,-99.0,-99.0,-99.0,-9,-9.0,-9,3,-9
202604092100,294,32,4.9,34,12.0,2059,995.9,1001.1,5,-1.1,17.4,16.4,94.0,18.6,0.5,71.8,71.8,-9.0,-9.0,-9.0,-9.0,-9,-9,-,10,10,2,-,-9,-9,-9,522,-9.0,-9.00,-9,16.6,-99.0,-99.0,-99.0,-99.0,-9,-9.0,-9,1,-9
202604092100,295,23,3.8,14,11.0,1731,995.5,1000.8,2,0.4,17.0,15.8,93.0,17.9,-9.0,84.3,84.3,-9.0,-9.0,-9.0,-9.0,-9,-9,-,10,10,2,-,-9,-9,-9,996,-9.0,-9.00,-9,15.7,-99.0,-99.0,-99.0,-99.0,-9,-9.0,-9,3,-9
