report_date,window_start,window_end,stnId,obs_count,mean_BF,mean_CA_MID,mean_CA_TOT,mean_CH_MIN,mean_CT_LOW,mean_CT_MID,mean_CT_TOP,mean_GST_TM,mean_GST_WD,mean_GST_WS,mean_HM,mean_IR,mean_IX,mean_PA,mean_PR,mean_PS,mean_PT,mean_PV,mean_RN,mean_RN_DAY,mean_RN_INT,mean_RN_JUN,mean_SD_DAY,mean_SD_HR3,mean_SD_TOT,mean_SI,mean_SS,mean_ST_GD,mean_ST_SEA,mean_TA,mean_TD,mean_TE_005,mean_TE_01,mean_TE_02,mean_TE_03,mean_TS,mean_VS,mean_WC,mean_WD,mean_WH,mean_WP,mean_WS,mean_WW,mean_tm
2026-04-01,2026-03-31 07:00,2026-04-01 07:59,90,25,-9.000,3.680,7.640,1.240,-9.000,-9.000,-9.000,-9.000,-9.000,-9.000,87.120,2.440,-9.000,1011.808,-5.944,1013.956,-5.080,9.136,-7.516,12.232,-9.000,12.232,-9.000,-9.000,-9.000,-3.798,-3.960,-9.000,-9.000,7.776,5.620,-99.000,-99.000,-99.000,-99.000,8.180,1445.440,-9.000,27.040,-9.000,-9.000,1.636,,202603535132.000
2026-04-01,2026-03-31 07:00,2026-04-01 07:59,93,25,-9.000,4.760,7.360,5.240,1.120,-1.880,-2.640,-9.000,-9.000,-9.000,79.160,3.080,-0.760,1001.816,-5.900,1013.416,-5.520,9.488,-8.600,2.588,-9.000,2.588,-9.000,-9.000,-9.000,-3.519,-3.820,-9.000,-9.000,9.964,6.176,11.112,11.856,12.004,11.944,10.872,1409.840,-2.240,13.920,-9.000,-0.320,1.660,634.333,202603535132.000
2026-04-01,2026-03-31 07:00,2026-04-01 07:59,95,25,-9.000,3.160,6.200,3.840,-9.000,-9.000,-9.000,-9.000,-9.000,-9.000,78.680,2.840,-9.000,994.640,-5.960,1013.372,-5.160,9.380,-8.616,0.788,-9.000,0.788,-9.000,-9.000,-9.000,-3.292,-3.684,-9.000,-9.000,10.012,6.052,-99.000,-99.000,-99.000,-99.000,11.556,3976.760,-9.000,7.040,-9.000,-9.000,1.956,,202603535132.000
2026-04-01,2026-03-31 07:00,2026-04-01 07:59,98,25,-9.000,3.960,5.920,6.680,-9.000,-9.000,-9.000,-9.000,-9.000,-9.000,66.120,2.920,-9.000,998.452,-5.948,1012.280,-4.920,9.192,-8.632,1.440,-9.000,1.440,-9.000,-9.000,-9.000,-3.340,-3.716,-9.000,-9.000,12.272,5.744,-99.000,-99.000,-99.000,-99.000,12.980,3964.920,-9.000,14.440,-9.000,-9.000,1.104,,202603535132.000
2026-04-01,2026-03-31 07:00,2026-04-01 07:59,99,25,-9.000,2.760,6.000,7.760,-9.000,-9.000,-9.000,82.680,-7.720,-7.480,69.720,2.920,-9.000,1009.156,-5.944,1012.844,-4.800,9.624,-8.640,0.360,-9.000,0.360,-9.000,-9.000,-9.000,-3.272,-3.748,-9.000,-9.000,12.196,6.400,-99.000,-99.000,-99.000,-99.000,14.288,3809.120,-9.000,6.200,-9.000,-9.000,1.352,,202603535132.000
2026-04-01,2026-03-31 07:00,2026-04-01 07:59,100,25,-9.000,7.120,7.720,-3.280,-9.000,-9.000,-9.000,79.920,-7.440,-6.640,96.960,2.280,-9.000,923.152,-5.788,1014.512,-5.680,7.696,-7.196,21.732,-9.000,21.732,-9.000,-9.000,-9.000,-3.823,-3.960,-9.000,-9.000,3.588,3.108,-99.000,-99.000,-99.000,-99.000,4.104,424.960,-9.000,18.840,-9.000,-9.000,1.800,,202603535132.000
2026-04-01,2026-03-31 07:00,2026-04-01 07:59,101,25,-9.000,4.000,7.280,11.280,-9.000,-9.000,-9.000,-9.000,-9.000,-9.000,77.280,2.840,-9.000,1003.232,-5.908,1012.400,-5.640,9.556,-8.584,3.304,-9.000,3.304,-9.000,-9.000,-9.000,-3.573,-3.908,-9.000,-9.000,10.368,6.284,11.732,11.800,11.724,11.344,11.080,3508.400,-9.000,16.080,-9.000,-9.000,1.844,,202603535132.000
2026-04-01,2026-03-31 07:00,2026-04-01 07:59,102,25,-9.000,1.720,5.360,1.240,-3.000,-3.040,-4.680,-9.000,-9.000,-9.000,61.240,3.080,-0.760,1007.052,-5.972,1011.428,-5.000,6.980,-8.280,-8.280,-9.000,-8.280,-9.000,-9.000,-9.000,-2.755,-3.188,-9.000,-9.000,8.932,1.644,-99.000,-99.000,-99.000,-99.000,13.344,2646.040,-4.280,30.480,-1.780,-2.080,2.208,1273.667,202603535132.000
2026-04-01,2026-03-31 07:00,2026-04-01 07:59,104,25,-9.000,4.160,7.760,-0.120,0.680,-1.920,-6.520,-9.000,-9.000,-9.000,97.760,3.200,0.520,1003.452,-5.904,1012.640,-5.200,10.392,-7.624,16.516,-9.000,16.516,-9.000,-9.000,-9.000,-3.817,-3.960,-9.000,-9.000,7.896,7.472,10.276,10.776,11.376,11.316,9.244,1053.160,15.920,19.440,-9.000,23.520,1.428,644.619,202603535132.000
2026-04-01,2026-03-31 07:00,2026-04-01 07:59,105,25,-9.000,3.760,7.600,0.200,-9.000,-9.000,-9.000,-9.000,-9.000,-9.000,90.560,2.440,-9.000,1010.552,-5.900,1013.864,-5.200,10.148,-7.632,21.184,-9.000,21.184,-9.000,-9.000,-9.000,-3.814,-3.960,-9.000,-9.000,8.680,7.140,9.536,9.836,9.912,10.616,8.776,1303.440,-9.000,25.520,-9.000,-9.000,1.868,,202603535132.000
2026-04-01,2026-03-31 07:00,2026-04-01 07:59,106,25,-9.000,5.120,8.120,1.400,-9.000,-9.000,-9.000,174.200,-0.920,-4.160,89.920,2.520,-9.000,1008.772,-5.868,1013.712,-5.240,10.312,-7.568,20.888,-9.000,20.888,-9.000,-9.000,-9.000,-3.804,-3.960,-9.000,-9.000,9.060,7.392,-99.000,-99.000,-99.000,-99.000,9.044,1042.440,-9.000,26.880,-9.000,-9.000,2.840,,202603535132.000
2026-04-01,2026-03-31 07:00,2026-04-01 07:59,108,25,-9.000,4.080,6.320,12.520,1.440,-1.720,-1.720,-9.000,-9.000,-9.000,63.960,3.080,-0.760,1001.796,-5.940,1011.984,-5.080,10.112,-8.628,3.384,-9.000,3.384,-9.000,-9.000,-9.000,-3.358,-3.780,-9.000,-9.000,14.108,7.104,13.232,11.368,11.072,10.724,14.260,3658.880,-5.040,7.160,-9.000,-0.440,2.696,640.333,202603535132.000
2026-04-01,2026-03-31 07:00,2026-04-01 07:59,112,25,-7.280,3.920,7.240,13.960,0.480,-1.960,-1.560,-9.000,-9.000,-9.000,71.800,3.040,1.360,1003.536,-5.936,1011.788,-5.040,10.492,-8.640,2.304,-9.000,1.676,-9.000,-9.000,-9.000,-3.363,-3.820,-9.000,-7.240,12.916,7.676,12.060,11.560,11.488,10.852,13.972,2529.880,-5.520,18.680,-1.780,0.400,2.012,395.400,202603535132.000
2026-04-01,2026-03-31 07:00,2026-04-01 07:59,114,25,-9.000,4.160,7.760,2.240,-9.000,-9.000,-9.000,-9.000,-9.000,-9.000,72.440,2.840,-9.000,994.296,-5.880,1012.220,-5.440,9.996,-8.592,5.540,-9.000,5.540,-9.000,-9.000,-9.000,-3.474,-3.872,-9.000,-9.000,12.032,6.956,-99.000,-99.000,-99.000,-99.000,12.156,4068.600,-9.000,10.360,-9.000,-9.000,1.692,,202603535132.000
2026-04-01,2026-03-31 07:00,2026-04-01 07:59,115,25,-6.960,4.960,7.760,6.480,1.240,-1.640,-3.480,587.840,0.200,7.200,90.000,3.160,-0.920,985.004,-5.724,1011.540,-5.400,10.444,-7.696,12.300,-9.000,12.300,-9.000,-9.000,-9.000,-3.608,-3.920,-9.000,-6.920,9.188,7.568,10.072,10.376,11.412,10.816,10.096,1610.800,7.400,6.800,-0.520,11.520,6.440,28729.571,202603535132.000
2026-04-01,2026-03-31 07:00,2026-04-01 07:59,119,25,-9.000,4.280,7.080,9.400,1.440,-1.960,-1.560,-9.000,-9.000,-9.000,64.960,3.040,-0.760,1006.868,-5.928,1011.624,-5.000,9.820,-8.632,3.600,-9.000,3.600,-9.000,-9.000,-9.000,-3.387,-3.780,-9.000,-9.000,13.580,6.696,12.448,12.068,11.384,10.948,13.644,3993.480,-7.040,10.760,-9.000,-2.120,1.772,646.333,202603535132.000
2026-04-01,2026-03-31 07:00,2026-04-01 07:59,121,25,-9.000,7.920,8.600,21.120,-9.000,-9.000,-9.000,-9.000,-9.000,-9.000,79.800,2.840,-9.000,984.344,-5.780,1013.152,-5.480,9.580,-8.628,6.408,-9.000,6.408,-9.000,-9.000,-9.000,-3.683,-3.956,-9.000,-9.000,9.880,6.336,-99.000,-99.000,-99.000,-99.000,10.168,3751.520,-9.000,7.080,-9.000,-9.000,1.724,,202603535132.000
2026-04-01,2026-03-31 07:00,2026-04-01 07:59,127,25,-9.000,5.960,8.040,18.840,-9.000,-9.000,-9.000,-9.000,-9.000,-9.000,71.160,2.920,-9.000,997.724,-5.872,1011.448,-5.640,10.052,-8.636,10.872,-9.000,10.872,-9.000,-9.000,-9.000,-3.513,-3.856,-9.000,-9.000,12.404,7.016,-99.000,-99.000,-99.000,-99.000,13.028,3979.280,-9.000,11.280,-9.000,-9.000,1.648,,202603535132.000
2026-04-01,2026-03-31 07:00,2026-04-01 07:59,129,25,-9.000,3.760,5.760,18.720,-9.000,-9.000,-9.000,-9.000,-9.000,-9.000,77.160,3.000,-9.000,1008.992,-5.916,1012.040,-5.040,10.880,-9.000,3.528,-9.000,3.528,-9.000,-9.000,-9.000,-3.202,-3.692,-9.000,-9.000,12.464,8.188,15.192,12.984,12.548,11.468,14.624,891.320,-9.000,11.440,-9.000,-9.000,1.692,,202603535132.000
2026-04-01,2026-03-31 07:00,2026-04-01 07:59,130,25,-9.000,5.880,8.480,6.320,-9.000,-9.000,-9.000,268.600,-2.720,-2.200,93.480,2.120,-9.000,1007.212,-5.792,1013.164,-5.160,11.044,-6.800,24.592,-9.000,24.592,-9.000,-9.000,-9.000,-9.000,-3.960,-9.000,-9.000,9.452,8.384,-99.000,-99.000,-99.000,-99.000,9.680,749.760,-9.000,27.000,-9.000,-9.000,2.884,,202603535132.000
2026-04-01,2026-03-31 07:00,2026-04-01 07:59,131,25,-9.000,5.720,8.200,10.080,1.640,-1.680,-1.040,-9.000,-9.000,-9.000,61.120,2.960,-0.720,1004.412,-5.868,1011.376,-5.560,10.084,-8.640,8.568,-9.000,8.568,-9.000,-9.000,-9.000,-3.421,-3.880,-9.000,-9.000,14.776,7.092,-99.000,-99.000,-99.000,-99.000,14.640,4291.240,-5.040,11.280,-9.000,-3.320,1.708,1.000,202603535132.000
2026-04-01,2026-03-31 07:00,2026-04-01 07:59,133,25,-9.000,5.880,7.400,12.720,1.640,-2.160,-1.880,-9.000,-9.000,-9.000,70.240,2.960,-0.800,1003.632,-5.860,1011.712,-5.680,11.028,-8.640,9.864,-9.000,9.864,-9.000,-9.000,-9.000,-3.416,-3.860,-9.000,-9.000,14.104,8.404,14.156,13.436,13.032,12.784,13.932,3978.520,-3.520,16.040,-9.000,-0.840,1.724,960.000,202603535132.000
2026-04-01,2026-03-31 07:00,2026-04-01 07:59,135,25,-9.000,8.880,8.920,9.680,-9.000,-9.000,-9.000,-9.000,-9.000,-9.000,73.880,2.760,-9.000,982.804,-5.800,1011.856,-5.320,10.284,-8.268,8.776,-9.000,8.776,-9.000,-9.000,-9.000,-3.595,-3.888,-9.000,-9.000,12.076,7.372,-99.000,-99.000,-99.000,-99.000,12.648,3167.160,-9.000,7.640,-9.000,-9.000,1.136,,202603535132.000
2026-04-01,2026-03-31 07:00,2026-04-01 07:59,136,25,-9.000,6.760,9.000,14.440,1.200,-1.400,-3.640,-9.000,-9.000,-9.000,73.960,3.000,-0.760,996.368,-5.744,1013.300,-5.360,9.852,-8.604,12.516,-9.000,12.516,-9.000,-9.000,-9.000,-3.613,-3.928,-9.000,-9.000,11.520,6.736,-99.000,-99.000,-99.000,-99.000,11.972,3614.440,-2.200,12.920,-9.000,-0.160,1.356,634.333,202603535132.000
2026-04-01,2026-03-31 07:00,2026-04-01 07:59,137,25,-9.000,6.520,8.720,11.520,-9.000,-9.000,-9.000,-9.000,-9.000,-9.000,72.600,2.840,-9.000,999.736,-5.788,1011.244,-5.480,10.984,-8.272,17.136,-9.000,17.136,-9.000,-9.000,-9.000,-3.500,-3.876,-9.000,-9.000,13.372,8.328,-99.000,-99.000,-99.000,-99.000,14.436,3757.480,-9.000,10.920,-9.000,-9.000,1.044,,202603535132.000
2026-04-01,2026-03-31 07:00,2026-04-01 07:59,138,25,-7.200,5.720,9.360,10.720,1.200,-1.280,-5.880,295.240,-5.280,-1.800,82.840,3.120,-1.000,1011.660,-5.676,1012.160,-5.280,11.308,-7.756,17.296,-9.000,17.296,-9.000,-9.000,-9.000,-3.803,-3.956,-9.000,-7.120,11.700,8.768,11.968,12.404,12.780,12.856,11.364,1896.160,5.920,12.880,-1.480,17.200,2.836,634.333,202603535132.000
2026-04-01,2026-03-31 07:00,2026-04-01 07:59,140,25,-9.000,4.720,6.600,15.600,-9.000,-9.000,-9.000,-9.000,-9.000,-9.000,81.240,2.920,-9.000,1009.328,-5.840,1012.684,-5.600,10.948,-8.636,5.616,-9.000,5.616,-9.000,-9.000,-9.000,-9.000,-3.768,-9.000,-9.000,11.536,8.252,-99.000,-99.000,-99.000,-99.000,14.236,1074.560,-9.000,18.840,-9.000,-9.000,2.148,,202603535132.000
2026-04-01,2026-03-31 07:00,2026-04-01 07:59,143,25,-9.000,7.280,9.360,13.640,1.600,-1.360,-2.560,-9.000,-9.000,-9.000,71.880,3.000,-0.760,1005.196,-5.724,1011.700,-5.360,10.416,-8.612,9.936,-9.000,9.936,-9.000,-9.000,-9.000,-3.720,-3.944,-9.000,-9.000,12.720,7.560,-99.000,-99.000,-99.000,-99.000,12.780,3459.240,-2.200,15.840,-9.000,-0.160,2.436,634.333,202603535132.000
2026-04-01,2026-03-31 07:00,2026-04-01 07:59,146,25,-9.000,5.800,7.320,10.640,1.640,-1.960,-2.000,-9.000,-9.000,-9.000,75.440,3.000,1.160,1004.400,-6.252,1011.600,-5.520,11.928,-9.000,2.160,-9.000,2.160,-9.000,-9.000,-9.000,-3.238,-3.732,-9.000,-9.000,14.044,9.552,-99.000,-99.000,-99.000,-99.000,15.356,1411.720,-2.120,24.360,-9.000,5.000,2.116,256.765,202603535132.000
2026-04-01,2026-03-31 07:00,2026-04-01 07:59,152,25,-9.000,6.880,9.320,11.360,1.240,-1.440,-5.240,48.440,-7.880,-7.400,81.480,3.040,-0.640,1001.844,-5.640,1011.600,-5.000,10.744,-8.244,10.872,-9.000,10.872,-9.000,-9.000,-9.000,-3.754,-3.952,-9.000,-9.000,11.200,8.000,-99.000,-99.000,-99.000,-99.000,11.708,1786.240,5.280,17.640,-9.000,14.720,2.636,581.800,202603535132.000
2026-04-01,2026-03-31 07:00,2026-04-01 07:59,155,25,-7.320,7.840,9.320,10.800,1.640,-1.280,-6.120,-9.000,-9.000,-9.000,74.160,3.080,-0.760,1007.240,-5.668,1011.416,-5.280,11.648,-8.632,4.608,-9.000,4.608,-9.000,-9.000,-9.000,-3.567,-3.888,-9.000,-7.240,13.876,9.192,-99.000,-99.000,-99.000,-99.000,15.032,3639.120,-4.600,13.960,-1.780,-0.320,1.348,951.000,202603535132.000
2026-04-01,2026-03-31 07:00,2026-04-01 07:59,156,25,-9.000,4.400,7.000,9.120,0.880,-2.520,-1.720,-9.000,-9.000,-9.000,73.720,3.000,-0.360,1002.192,-5.784,1010.520,-5.280,12.312,-9.000,1.512,-9.000,1.512,-9.000,-9.000,-9.000,-3.128,-3.672,-9.000,-9.000,14.908,10.048,-99.000,-99.000,-99.000,-99.000,16.728,2128.120,-5.960,22.160,-9.000,-4.040,1.932,19.000,202603535132.000
2026-04-01,2026-03-31 07:00,2026-04-01 07:59,159,25,-7.200,6.720,9.120,14.280,1.440,-1.280,-4.880,175.120,-6.200,-5.040,69.360,3.240,-0.920,1002.748,-5.636,1011.056,-5.520,10.672,-7.180,6.048,-9.000,6.048,-9.000,-9.000,-9.000,-3.505,-3.904,-9.000,-7.240,13.548,7.908,14.000,13.508,12.808,12.760,14.488,3162.920,3.360,7.320,-1.780,11.040,2.872,317.667,202603535132.000
2026-04-01,2026-03-31 07:00,2026-04-01 07:59,162,25,-9.000,7.960,9.000,7.960,-9.000,-9.000,-9.000,116.160,-7.320,-6.600,72.360,2.920,-9.000,1007.108,-5.644,1010.848,-5.360,11.396,-8.636,0.360,-9.000,0.360,-9.000,-9.000,-9.000,-3.366,-3.832,-9.000,-9.000,13.984,8.884,-99.000,-99.000,-99.000,-99.000,16.280,3266.840,-9.000,7.880,-9.000,-9.000,2.476,,202603535132.000
2026-04-01,2026-03-31 07:00,2026-04-01 07:59,165,25,-7.080,4.360,8.480,7.880,0.120,-2.880,-2.360,213.520,0.120,-2.960,90.760,3.000,0.280,1006.912,-5.836,1012.288,-5.440,12.096,-9.000,-1.296,-9.000,-1.296,-9.000,-9.000,-9.000,-3.234,-3.792,-9.000,-7.240,11.364,9.776,13.020,13.004,12.792,12.652,14.180,909.320,-1.400,20.160,-1.780,2.960,3.244,19.000,202603535132.000
2026-04-01,2026-03-31 07:00,2026-04-01 07:59,168,25,-7.280,7.280,7.880,9.040,1.080,-2.280,-3.600,115.920,-6.840,-6.600,73.960,3.000,-0.640,1003.856,-5.696,1011.708,-5.360,11.844,-9.000,-2.016,-9.000,-2.016,-9.000,-9.000,-9.000,-3.286,-3.768,-9.000,-7.240,14.256,9.456,14.660,14.808,13.492,13.612,15.556,3221.440,-9.000,17.480,-1.780,-9.000,2.528,19.000,202603535132.000
2026-04-01,2026-03-31 07:00,2026-04-01 07:59,169,25,-7.000,2.760,6.880,12.160,-3.920,-4.000,-3.960,171.440,1.560,-3.520,86.400,3.000,-0.960,1003.700,-5.924,1012.800,-4.880,10.356,-9.000,-2.160,-9.000,-2.160,-9.000,-9.000,-9.000,-3.121,-3.648,-9.000,-7.080,9.776,7.472,-99.000,-99.000,-99.000,-99.000,12.352,1368.280,-1.440,29.960,-1.380,-0.120,4.584,229.778,202603535132.000
2026-04-01,2026-03-31 07:00,2026-04-01 07:59,170,25,-9.000,3.520,8.280,7.520,-9.000,-9.000,-9.000,38.880,-6.760,-7.320,78.160,2.520,-9.000,1007.696,-5.772,1011.916,-5.000,12.748,-6.832,1.984,-9.000,1.984,-9.000,-9.000,-9.000,-3.121,-3.688,-9.000,-9.000,14.592,10.568,-99.000,-99.000,-99.000,-99.000,16.932,1406.480,-9.000,21.960,-9.000,-9.000,2.376,,202603535132.000
2026-04-01,2026-03-31 07:00,2026-04-01 07:59,172,25,-9.000,5.600,8.360,16.480,-9.000,-9.000,-9.000,-9.000,-9.000,-9.000,84.440,3.000,-9.000,1005.372,-5.832,1011.684,-5.360,11.664,-9.000,0.864,-9.000,0.864,-9.000,-9.000,-9.000,-3.310,-3.828,-9.000,-9.000,12.024,9.228,-99.000,-99.000,-99.000,-99.000,12.888,1003.960,-9.000,20.480,-9.000,-9.000,2.364,,202603535132.000
2026-04-01,2026-03-31 07:00,2026-04-01 07:59,174,25,-9.000,6.560,8.200,7.160,-9.000,-9.000,-9.000,-9.000,-9.000,-9.000,72.000,3.000,-9.000,990.392,-5.728,1009.896,-5.440,11.176,-9.000,0.144,-9.000,0.144,-9.000,-9.000,-9.000,-9.000,-3.740,-9.000,-9.000,13.876,8.592,-99.000,-99.000,-99.000,-99.000,15.764,3732.120,-9.000,16.720,-9.000,-9.000,1.896,,202603535132.000
2026-04-01,2026-03-31 07:00,2026-04-01 07:59,177,25,-9.000,3.440,6.760,6.360,1.120,-1.880,-2.320,-9.000,-9.000,-9.000,76.520,3.080,0.760,1007.316,-5.904,1010.640,-5.080,11.464,-8.640,5.328,-9.000,5.328,-9.000,-9.000,-9.000,-3.144,-3.668,-9.000,-9.000,13.364,8.968,-99.000,-99.000,-99.000,-99.000,15.012,1546.320,0.320,13.360,-9.000,7.120,2.184,287.857,202603535132.000
2026-04-01,2026-03-31 07:00,2026-04-01 07:59,184,25,-7.280,5.400,8.600,11.240,0.680,-1.960,-4.840,4.280,-7.480,-8.240,78.680,3.040,-0.960,1009.520,-5.924,1012.020,-5.280,12.036,-7.908,-7.188,-9.000,-7.188,-9.000,-9.000,-9.000,-3.367,-3.784,-9.000,-7.120,13.424,9.692,15.916,16.172,16.012,15.104,15.940,1200.280,-0.360,22.760,-1.440,7.320,2.672,646.333,202603535132.000
2026-04-01,2026-03-31 07:00,2026-04-01 07:59,185,25,-9.000,6.760,8.920,10.600,-9.000,-9.000,-9.000,568.560,12.880,4.320,88.560,2.520,-9.000,1003.416,-5.884,1011.996,-4.800,12.404,-6.776,0.300,-9.000,0.300,-9.000,-9.000,-9.000,-3.346,-3.820,-9.000,-9.000,12.048,10.140,-99.000,-99.000,-99.000,-99.000,14.724,911.760,-9.000,17.320,-9.000,-9.000,6.724,,202603535132.000
2026-04-01,2026-03-31 07:00,2026-04-01 07:59,188,25,-9.000,3.400,6.720,8.320,-9.000,-9.000,-9.000,334.120,4.560,-0.720,76.960,2.520,-9.000,1009.408,-5.828,1011.808,-5.240,12.484,-6.748,-6.016,-9.000,-6.016,-9.000,-9.000,-9.000,-9.000,-3.580,-9.000,-9.000,14.440,10.220,-99.000,-99.000,-99.000,-99.000,15.740,2533.400,-9.000,15.200,-9.000,-9.000,2.980,,202603535132.000
2026-04-01,2026-03-31 07:00,2026-04-01 07:59,189,25,-7.200,4.120,6.560,10.160,2.080,-1.520,-4.160,40.280,-7.880,-7.480,71.360,2.840,-0.040,1005.168,-5.740,1011.316,-5.120,12.844,-6.288,0.984,-9.000,0.984,-9.000,-9.000,-9.000,-2.987,-3.544,-9.000,-7.160,16.104,10.648,-99.000,-99.000,-99.000,-99.000,18.172,3592.800,8.920,11.080,-0.780,11.520,2.160,1358.143,202603535132.000
2026-04-01,2026-03-31 07:00,2026-04-01 07:59,192,25,-9.000,8.320,8.680,8.400,-9.000,-9.000,-9.000,-9.000,-9.000,-9.000,76.440,2.760,-8.560,1008.124,-5.692,1011.628,-5.320,11.932,-7.916,3.968,-9.000,3.968,-9.000,-9.000,-9.000,-3.355,-3.768,-9.000,-9.000,14.032,9.584,-99.000,-99.000,-99.000,-99.000,16.084,3258.560,-9.000,9.280,-9.000,-9.000,0.920,,202603535132.000
2026-04-01,2026-03-31 07:00,2026-04-01 07:59,201,25,-9.000,3.240,6.640,13.720,-9.000,-9.000,-9.000,-9.000,-9.000,-9.000,74.800,3.000,-7.680,1006.948,-5.968,1012.700,-5.040,10.104,-9.000,1.152,-9.000,1.152,-9.000,-9.000,-9.000,-9.000,-3.768,-9.000,-9.000,11.820,7.116,-99.000,-99.000,-99.000,-99.000,12.320,4148.240,-9.000,15.520,-9.000,-9.000,1.772,,202603535132.000
2026-04-01,2026-03-31 07:00,2026-04-01 07:59,202,25,-9.000,3.440,7.280,8.800,-9.000,-9.000,-9.000,-9.000,-9.000,-9.000,71.200,2.840,-8.560,1006.540,-5.916,1012.220,-4.920,10.164,-8.580,4.824,-9.000,4.824,-9.000,-9.000,-9.000,-9.000,-3.860,-9.000,-9.000,12.672,7.200,-99.000,-99.000,-99.000,-99.000,13.072,3643.920,-9.000,12.120,-9.000,-9.000,1.164,,202603535132.000
2026-04-01,2026-03-31 07:00,2026-04-01 07:59,203,25,-9.000,2.760,7.040,6.520,-9.000,-9.000,-9.000,-9.000,-9.000,-9.000,77.120,2.920,-9.000,1003.008,-5.896,1012.604,-5.160,10.988,-8.604,6.552,-9.000,6.552,-9.000,-9.000,-9.000,-9.000,-3.824,-9.000,-9.000,12.572,8.312,-99.000,-99.000,-99.000,-99.000,14.912,3933.040,-9.000,9.400,-9.000,-9.000,0.720,,202603535132.000
2026-04-01,2026-03-31 07:00,2026-04-01 07:59,211,25,-9.000,5.680,7.480,3.200,-9.000,-9.000,-9.000,123.200,-7.560,-6.720,83.720,2.760,-9.000,989.224,-5.876,1013.672,-5.560,8.896,-8.244,3.740,-9.000,3.740,-9.000,-9.000,-9.000,-9.000,-3.900,-9.000,-9.000,7.996,5.248,-99.000,-99.000,-99.000,-99.000,10.620,2656.240,-9.000,13.160,-9.000,-9.000,2.064,,202603535132.000
2026-04-01,2026-03-31 07:00,2026-04-01 07:59,212,25,-9.000,4.240,7.560,7.720,-9.000,-9.000,-9.000,-9.000,-9.000,-9.000,72.600,2.840,-9.000,996.460,-5.896,1013.324,-5.760,9.008,-8.604,4.536,-9.000,4.536,-9.000,-9.000,-9.000,-9.000,-3.912,-9.000,-9.000,10.500,5.424,-99.000,-99.000,-99.000,-99.000,10.476,3155.080,-9.000,4.520,-9.000,-9.000,0.968,,202603535132.000
2026-04-01,2026-03-31 07:00,2026-04-01 07:59,216,25,-9.000,8.520,8.600,-0.960,-9.000,-9.000,-9.000,80.720,-5.040,-6.640,94.080,2.120,-9.000,929.684,-5.764,1013.828,-5.360,8.544,-6.956,15.428,-9.000,15.428,-9.000,-9.000,-9.000,-3.849,-3.960,-9.000,-9.000,5.620,4.676,-99.000,-99.000,-99.000,-99.000,6.748,600.760,-9.000,20.480,-9.000,-9.000,1.804,,202603535132.000
2026-04-01,2026-03-31 07:00,2026-04-01 07:59,217,25,-9.000,6.720,8.680,-1.160,-9.000,-9.000,-9.000,-9.000,-9.000,-9.000,85.000,2.840,-9.000,976.468,-5.792,1013.900,-5.400,9.220,-8.576,7.988,-9.000,7.988,-9.000,-9.000,-9.000,-9.000,-3.960,-9.000,-9.000,8.268,5.796,9.232,9.360,9.440,9.720,8.968,2686.520,-9.000,11.680,-9.000,-9.000,1.268,,202603535132.000
2026-04-01,2026-03-31 07:00,2026-04-01 07:59,221,25,-9.000,5.360,8.320,15.600,-9.000,-9.000,-9.000,-9.000,-9.000,-9.000,80.280,2.920,-9.000,980.936,-5.824,1012.536,-5.520,9.708,-8.620,9.864,-9.000,9.864,-9.000,-9.000,-9.000,-9.000,-3.912,-9.000,-9.000,10.052,6.508,-99.000,-99.000,-99.000,-99.000,11.056,3463.720,-9.000,6.760,-9.000,-9.000,1.592,,202603535132.000
2026-04-01,2026-03-31 07:00,2026-04-01 07:59,226,25,-9.000,6.760,8.560,11.160,-9.000,-9.000,-9.000,-9.000,-9.000,-9.000,74.680,3.000,-9.000,991.456,-5.816,1011.796,-5.640,10.912,-9.000,11.952,-9.000,11.952,-9.000,-9.000,-9.000,-9.000,-3.900,-9.000,-9.000,12.944,8.248,-99.000,-99.000,-99.000,-99.000,13.244,4070.440,-9.000,18.600,-9.000,-9.000,1.344,,202603535132.000
2026-04-01,2026-03-31 07:00,2026-04-01 07:59,232,25,-9.000,4.960,7.320,16.120,-9.000,-9.000,-9.000,-9.000,-9.000,-9.000,77.840,3.000,-9.000,1002.060,-5.876,1012.216,-5.320,11.160,-9.000,6.840,-9.000,6.840,-9.000,-9.000,-9.000,-9.000,-3.836,-9.000,-9.000,12.880,8.552,-99.000,-99.000,-99.000,-99.000,14.056,3999.800,-9.000,7.960,-9.000,-9.000,1.348,,202603535132.000
2026-04-01,2026-03-31 07:00,2026-04-01 07:59,235,25,-9.000,3.840,5.920,12.760,-9.000,-9.000,-9.000,40.120,-8.120,-7.400,81.520,3.000,-9.000,1010.164,-5.884,1011.364,-5.240,10.980,-9.000,5.040,-9.000,5.040,-9.000,-9.000,-9.000,-3.176,-3.712,-9.000,-9.000,11.676,8.280,-99.000,-99.000,-99.000,-99.000,14.616,771.080,-9.000,20.720,-9.000,-9.000,1.828,,202603535132.000
2026-04-01,2026-03-31 07:00,2026-04-01 07:59,236,25,-9.000,4.240,6.960,10.040,-9.000,-9.000,-9.000,-9.000,-9.000,-9.000,76.040,3.000,-9.000,1010.296,-5.848,1011.896,-5.520,11.584,-9.000,7.344,-9.000,7.344,-9.000,-9.000,-9.000,-9.000,-3.792,-9.000,-9.000,13.704,9.144,-99.000,-99.000,-99.000,-99.000,15.032,2193.240,-9.000,13.480,-9.000,-9.000,1.020,,202603535132.000
2026-04-01,2026-03-31 07:00,2026-04-01 07:59,238,25,-9.000,5.080,8.400,9.600,-9.000,-9.000,-9.000,-9.000,-9.000,-9.000,75.560,3.000,-9.000,990.904,-5.828,1011.044,-5.480,11.692,-9.000,8.352,-9.000,8.352,-9.000,-9.000,-9.000,-9.000,-3.788,-9.000,-9.000,13.840,9.264,-99.000,-99.000,-99.000,-99.000,15.336,4331.560,-9.000,14.360,-9.000,-9.000,0.940,,202603535132.000
2026-04-01,2026-03-31 07:00,2026-04-01 07:59,239,25,-9.000,4.280,7.440,11.160,-9.000,-9.000,-9.000,-9.000,-9.000,-9.000,74.360,2.920,-9.000,1000.612,-5.872,1011.280,-5.600,11.084,-8.636,12.164,-9.000,12.164,-9.000,-9.000,-9.000,-3.299,-3.812,-9.000,-9.000,13.448,8.460,-99.000,-99.000,-99.000,-99.000,14.832,3339.880,-9.000,11.040,-9.000,-9.000,1.120,,202603535132.000
2026-04-01,2026-03-31 07:00,2026-04-01 07:59,243,25,-9.000,4.480,7.240,10.920,-9.000,-9.000,-9.000,-9.000,-9.000,-9.000,82.200,3.000,-9.000,1010.692,-5.836,1012.176,-5.240,11.712,-9.000,4.320,-9.000,4.320,-9.000,-9.000,-9.000,-9.000,-3.752,-9.000,-9.000,12.436,9.288,-99.000,-99.000,-99.000,-99.000,13.948,1065.280,-9.000,22.400,-9.000,-9.000,1.320,,202603535132.000
2026-04-01,2026-03-31 07:00,2026-04-01 07:59,244,25,-9.000,6.560,7.120,8.880,-9.000,-9.000,-9.000,-9.000,-9.000,-9.000,74.920,3.000,-9.000,981.928,-5.796,1010.972,-5.440,11.832,-9.000,2.952,-9.000,2.952,-9.000,-9.000,-9.000,-9.000,-3.728,-9.000,-9.000,14.104,9.440,-99.000,-99.000,-99.000,-99.000,15.548,3563.560,-9.000,14.320,-9.000,-9.000,1.188,,202603535132.000
2026-04-01,2026-03-31 07:00,2026-04-01 07:59,245,25,-9.000,5.240,7.680,12.600,-9.000,-9.000,-9.000,8.640,-8.560,-8.200,81.520,2.920,-9.000,1003.680,-5.796,1011.896,-5.280,11.776,-8.640,2.376,-9.000,2.376,-9.000,-9.000,-9.000,-3.416,-3.808,-9.000,-9.000,12.676,9.368,-99.000,-99.000,-99.000,-99.000,14.440,1127.960,-9.000,20.520,-9.000,-9.000,1.816,,202603535132.000
2026-04-01,2026-03-31 07:00,2026-04-01 07:59,247,25,-9.000,5.720,7.600,7.760,-9.000,-9.000,-9.000,-9.000,-9.000,-9.000,71.200,3.000,-9.000,995.072,-5.760,1010.828,-5.160,11.912,-9.000,1.872,-9.000,1.872,-9.000,-9.000,-9.000,-9.000,-3.744,-9.000,-9.000,14.944,9.540,-99.000,-99.000,-99.000,-99.000,15.684,3814.320,-9.000,24.320,-9.000,-9.000,1.244,,202603535132.000
2026-04-01,2026-03-31 07:00,2026-04-01 07:59,248,25,-9.000,7.480,8.400,11.240,-9.000,-9.000,-9.000,-9.000,-9.000,-9.000,75.760,2.760,-9.000,963.676,-5.792,1011.208,-5.080,11.112,-7.844,4.556,-9.000,4.556,-9.000,-9.000,-9.000,-9.000,-3.788,-9.000,-9.000,12.952,8.520,-99.000,-99.000,-99.000,-99.000,14.876,4305.160,-9.000,19.520,-9.000,-9.000,1.864,,202603535132.000
2026-04-01,2026-03-31 07:00,2026-04-01 07:59,251,25,-9.000,6.120,8.360,6.920,-9.000,-9.000,-9.000,-9.000,-9.000,-9.000,84.040,3.000,-9.000,1004.552,-5.816,1011.604,-5.160,11.748,-9.000,1.728,-9.000,1.728,-9.000,-9.000,-9.000,-3.351,-3.828,-9.000,-9.000,12.124,9.340,13.516,12.864,12.252,11.736,14.460,1079.800,-9.000,13.840,-9.000,-9.000,1.512,,202603535132.000
2026-04-01,2026-03-31 07:00,2026-04-01 07:59,252,25,-9.000,2.120,8.280,14.960,-9.000,-9.000,-9.000,124.360,-1.800,-5.960,86.520,3.000,-9.000,1007.744,-5.848,1012.216,-4.960,11.556,-9.000,0.360,-9.000,0.360,-9.000,-9.000,-9.000,-3.242,-3.712,-9.000,-9.000,11.416,9.092,14.188,13.396,12.580,12.560,14.656,761.920,-9.000,19.600,-9.000,-9.000,1.436,,202603535132.000
2026-04-01,2026-03-31 07:00,2026-04-01 07:59,253,25,-9.000,7.520,9.080,8.880,-9.000,-9.000,-9.000,-9.000,-9.000,-9.000,75.320,2.840,-8.120,1005.708,-5.652,1012.252,-5.160,11.188,-8.260,5.544,-9.000,5.544,-9.000,-9.000,-9.000,-3.722,-3.952,-9.000,-9.000,12.976,8.568,13.992,14.232,13.868,13.780,13.504,3051.280,-9.000,6.160,-9.000,-9.000,0.332,,202603535132.000
2026-04-01,2026-03-31 07:00,2026-04-01 07:59,254,25,-9.000,5.400,7.200,2.080,-9.000,-9.000,-9.000,-9.000,-9.000,-9.000,68.480,3.000,-9.000,996.336,-5.776,1011.636,-5.520,11.332,-9.000,2.376,-9.000,2.376,-9.000,-9.000,-9.000,-3.092,-3.592,-9.000,-9.000,14.848,8.804,15.040,14.136,12.936,12.404,16.620,3557.000,-9.000,22.760,-9.000,-9.000,2.072,,202603535132.000
2026-04-01,2026-03-31 07:00,2026-04-01 07:59,255,25,-9.000,7.760,9.080,10.440,-9.000,-9.000,-9.000,82.280,-5.560,-7.480,69.480,2.840,-9.000,1005.288,-5.680,1011.356,-5.360,11.308,-8.620,4.676,-9.000,4.676,-9.000,-9.000,-9.000,-3.654,-3.936,-9.000,-9.000,14.460,8.744,13.116,13.556,13.300,12.472,12.828,4454.840,-9.000,17.720,-9.000,-9.000,1.500,,202603535132.000
2026-04-01,2026-03-31 07:00,2026-04-01 07:59,257,25,-9.000,5.600,9.520,2.080,-9.000,-9.000,-9.000,100.400,-7.240,-6.600,73.560,2.920,-9.000,1009.964,-5.640,1010.724,-5.440,11.572,-8.624,4.248,-9.000,4.248,-9.000,-9.000,-9.000,-3.534,-3.896,-9.000,-9.000,13.896,9.096,13.768,12.928,12.272,11.972,13.696,2839.960,-9.000,6.280,-9.000,-9.000,2.576,,202603535132.000
2026-04-01,2026-03-31 07:00,2026-04-01 07:59,258,25,-9.000,5.880,8.040,6.840,-9.000,-9.000,-9.000,75.360,-6.400,-6.520,76.560,2.920,-9.000,1011.776,-5.736,1011.976,-5.320,12.908,-9.000,-0.720,-9.000,-0.720,-9.000,-9.000,-9.000,-3.273,-3.756,-9.000,-9.000,15.076,10.736,14.428,13.880,13.408,12.816,15.092,3417.400,-9.000,19.800,-9.000,-9.000,2.588,,202603535132.000
2026-04-01,2026-03-31 07:00,2026-04-01 07:59,259,25,-9.000,6.760,8.480,13.240,-9.000,-9.000,-9.000,8.240,-8.280,-8.240,78.400,3.000,-9.000,1009.692,-5.776,1011.592,-5.320,12.908,-9.000,-0.288,-9.000,-0.288,-9.000,-9.000,-9.000,-3.272,-3.764,-9.000,-9.000,14.700,10.760,14.236,13.756,12.976,13.204,15.648,1618.600,-9.000,20.240,-9.000,-9.000,1.716,,202603535132.000
2026-04-01,2026-03-31 07:00,2026-04-01 07:59,260,25,-9.000,5.240,8.840,12.520,-9.000,-9.000,-9.000,-9.000,-9.000,-9.000,77.120,2.920,-9.000,1006.248,-5.768,1011.488,-5.040,12.896,-8.640,-0.360,-9.000,-0.360,-9.000,-9.000,-9.000,-9.000,-3.800,-9.000,-9.000,14.884,10.712,-99.000,-99.000,-99.000,-99.000,16.308,2668.560,-9.000,19.760,-9.000,-9.000,2.236,,202603535132.000
2026-04-01,2026-03-31 07:00,2026-04-01 07:59,261,25,-9.000,1.000,8.920,-9.000,-9.000,-9.000,-9.000,8.440,-7.560,-8.160,83.960,3.000,-9.000,1010.352,-5.796,1012.324,-5.440,12.696,-9.000,-0.792,-9.000,-0.792,-9.000,-9.000,-9.000,-9.000,-3.760,-9.000,-9.000,13.292,10.488,-99.000,-99.000,-99.000,-99.000,15.992,1296.360,-9.000,20.080,-9.000,-9.000,2.616,,202603535132.000
2026-04-01,2026-03-31 07:00,2026-04-01 07:59,262,25,-9.000,5.360,8.400,8.640,-9.000,-9.000,-9.000,-9.000,-9.000,-9.000,73.400,3.000,-9.000,1005.248,-5.740,1011.404,-5.360,12.252,-9.000,-1.512,-9.000,-1.512,-9.000,-9.000,-9.000,-3.377,-3.784,-9.000,-9.000,14.968,9.972,-99.000,-99.000,-99.000,-99.000,15.908,3648.200,-9.000,18.840,-9.000,-9.000,1.668,,202603535132.000
2026-04-01,2026-03-31 07:00,2026-04-01 07:59,263,25,-9.000,6.040,9.320,2.000,-9.000,-9.000,-9.000,82.120,-7.880,-7.480,71.240,2.360,-8.560,1009.456,-5.692,1011.156,-5.400,10.396,-6.104,6.040,-9.000,6.040,-9.000,-9.000,-9.000,-3.374,-3.836,-9.000,-9.000,13.048,7.524,15.080,14.172,13.324,13.652,15.240,2928.880,-9.000,14.280,-9.000,-9.000,2.032,,202603535132.000
2026-04-01,2026-03-31 07:00,2026-04-01 07:59,264,25,-9.000,7.040,8.720,0.080,-9.000,-9.000,-9.000,-9.000,-9.000,-9.000,68.320,2.680,-8.560,993.284,-5.748,1011.260,-5.280,10.948,-7.424,3.520,-9.000,3.520,-9.000,-9.000,-9.000,-3.332,-3.792,-9.000,-9.000,14.524,8.288,15.212,14.736,13.888,13.396,15.516,3739.280,-9.000,13.520,-9.000,-9.000,1.632,,202603535132.000
2026-04-01,2026-03-31 07:00,2026-04-01 07:59,266,25,-9.000,6.120,8.360,-1.000,-9.000,-9.000,-9.000,-9.000,-9.000,-9.000,78.520,2.760,-9.000,1001.344,-5.700,1011.812,-5.320,12.620,-7.872,-0.420,-9.000,-0.420,-9.000,-9.000,-9.000,-3.411,-3.796,-9.000,-9.000,14.496,10.400,16.544,15.224,14.800,14.116,16.404,3148.400,-9.000,14.480,-9.000,-9.000,1.244,,202603535132.000
2026-04-01,2026-03-31 07:00,2026-04-01 07:59,268,25,-9.000,6.480,8.600,25.760,-9.000,-9.000,-9.000,172.600,-2.880,-4.360,86.800,3.000,-9.000,1010.080,-5.836,1011.280,-5.200,11.500,-9.000,-1.008,-9.000,-1.008,-9.000,-9.000,-9.000,-9.000,-3.780,-9.000,-9.000,11.332,9.032,-99.000,-99.000,-99.000,-99.000,13.804,993.920,-9.000,16.480,-9.000,-9.000,1.992,,202603535132.000
2026-04-01,2026-03-31 07:00,2026-04-01 07:59,271,25,-9.000,7.400,9.080,9.120,-9.000,-9.000,-9.000,97.240,-8.120,-7.480,81.680,2.840,-9.000,974.428,-5.708,1013.296,-5.400,8.864,-8.620,8.920,-9.000,8.920,-9.000,-9.000,-9.000,-9.000,-3.948,-9.000,-9.000,8.448,5.196,-99.000,-99.000,-99.000,-99.000,9.208,2723.960,-9.000,13.240,-9.000,-9.000,1.444,,202603535132.000
2026-04-01,2026-03-31 07:00,2026-04-01 07:59,272,25,-9.000,7.400,8.600,17.240,-9.000,-9.000,-9.000,-9.000,-9.000,-9.000,77.920,2.840,-9.000,987.232,-5.752,1012.468,-5.440,9.880,-8.608,7.844,-9.000,7.844,-9.000,-9.000,-9.000,-9.000,-3.888,-9.000,-9.000,10.948,6.800,-99.000,-99.000,-99.000,-99.000,12.544,3191.480,-9.000,22.280,-9.000,-9.000,1.724,,202603535132.000
2026-04-01,2026-03-31 07:00,2026-04-01 07:59,273,25,-9.000,7.360,8.560,12.520,-9.000,-9.000,-9.000,-9.000,-9.000,-9.000,72.640,2.920,-9.000,990.972,-5.780,1011.548,-5.360,10.368,-8.620,10.440,-9.000,10.440,-9.000,-9.000,-9.000,-9.000,-3.888,-9.000,-9.000,12.596,7.484,-99.000,-99.000,-99.000,-99.000,13.016,4109.760,-9.000,19.840,-9.000,-9.000,1.552,,202603535132.000
2026-04-01,2026-03-31 07:00,2026-04-01 07:59,276,25,-9.000,5.400,9.120,0.240,-9.000,-9.000,-9.000,130.960,-6.960,-5.960,79.480,2.680,-9.000,987.216,-5.700,1012.276,-5.360,9.220,-8.160,11.988,-9.000,11.988,-9.000,-9.000,-9.000,-3.738,-3.960,-9.000,-9.000,9.440,5.800,10.724,11.104,11.412,10.800,10.312,2547.120,-9.000,13.800,-9.000,-9.000,1.680,,202603535132.000
2026-04-01,2026-03-31 07:00,2026-04-01 07:59,277,25,-9.000,7.120,9.040,8.080,-9.000,-9.000,-9.000,336.680,-4.920,-0.440,89.560,2.680,-9.000,1007.796,-5.720,1012.736,-5.280,10.916,-8.080,22.136,-9.000,22.136,-9.000,-9.000,-9.000,-9.000,-3.960,-9.000,-9.000,9.996,8.256,-99.000,-99.000,-99.000,-99.000,10.384,1627.160,-9.000,8.240,-9.000,-9.000,3.196,,202603535132.000
2026-04-01,2026-03-31 07:00,2026-04-01 07:59,278,25,-9.000,7.440,8.960,15.480,-9.000,-9.000,-9.000,-9.000,-9.000,-9.000,79.800,2.680,-9.000,1001.640,-5.748,1011.396,-5.480,10.904,-8.248,8.276,-9.000,8.276,-9.000,-9.000,-9.000,-9.000,-3.932,-9.000,-9.000,11.976,8.228,-99.000,-99.000,-99.000,-99.000,12.076,3285.120,-9.000,11.640,-9.000,-9.000,1.136,,202603535132.000
2026-04-01,2026-03-31 07:00,2026-04-01 07:59,279,25,-9.000,8.440,9.000,12.040,-9.000,-9.000,-9.000,-9.000,-9.000,-9.000,70.320,2.760,-9.000,1005.992,-5.776,1011.856,-5.240,10.724,-8.268,12.452,-9.000,12.452,-9.000,-9.000,-9.000,-3.656,-3.904,-9.000,-9.000,13.520,7.976,-99.000,-99.000,-99.000,-99.000,13.508,4112.120,-9.000,13.920,-9.000,-9.000,1.368,,202603535132.000
2026-04-01,2026-03-31 07:00,2026-04-01 07:59,281,25,-9.000,7.200,9.360,13.120,-9.000,-9.000,-9.000,-9.000,-9.000,-9.000,84.200,2.840,-9.000,1001.084,-5.700,1012.648,-5.240,10.928,-8.564,9.572,-9.000,9.572,-9.000,-9.000,-9.000,-9.000,-3.952,-9.000,-9.000,11.080,8.260,-99.000,-99.000,-99.000,-99.000,11.428,2969.920,-9.000,11.280,-9.000,-9.000,1.324,,202603535132.000
2026-04-01,2026-03-31 07:00,2026-04-01 07:59,283,25,-9.000,6.320,9.400,1.200,-9.000,-9.000,-9.000,217.160,-3.280,-3.960,85.000,2.680,-9.000,1007.876,-5.676,1012.720,-5.120,11.116,-8.084,13.204,-9.000,13.204,-9.000,-9.000,-9.000,-3.777,-3.960,-9.000,-9.000,11.116,8.520,12.032,12.576,12.604,12.556,11.380,1757.960,-9.000,16.440,-9.000,-9.000,2.764,,202603535132.000
2026-04-01,2026-03-31 07:00,2026-04-01 07:59,284,25,-9.000,6.960,8.640,7.720,-9.000,-9.000,-9.000,50.680,-5.400,-7.480,75.080,2.440,-9.000,983.432,-5.744,1010.380,-5.440,11.356,-6.472,6.632,-9.000,6.632,-9.000,-9.000,-9.000,-3.426,-3.808,-9.000,-9.000,13.348,8.832,-99.000,-99.000,-99.000,-99.000,14.128,3899.000,-9.000,16.840,-9.000,-9.000,2.324,,202603535132.000
2026-04-01,2026-03-31 07:00,2026-04-01 07:59,285,25,-9.000,8.600,9.080,9.920,-9.000,-9.000,-9.000,-9.000,-9.000,-9.000,79.440,2.600,-8.560,1008.500,-5.732,1011.680,-5.320,12.612,-7.556,6.564,-9.000,6.564,-9.000,-9.000,-9.000,-9.000,-3.856,-9.000,-9.000,14.284,10.356,-99.000,-99.000,-99.000,-99.000,15.276,3432.720,-9.000,5.360,-9.000,-9.000,1.196,,202603535132.000
2026-04-01,2026-03-31 07:00,2026-04-01 07:59,288,25,-9.000,6.760,9.320,12.080,-9.000,-9.000,-9.000,-9.000,-9.000,-9.000,74.800,2.760,-9.000,1009.392,-5.668,1010.392,-5.560,11.628,-7.904,5.904,-9.000,5.904,-9.000,-9.000,-9.000,-3.637,-3.940,-9.000,-9.000,13.720,9.184,-99.000,-99.000,-99.000,-99.000,14.472,4055.680,-9.000,10.760,-9.000,-9.000,1.556,,202603535132.000
2026-04-01,2026-03-31 07:00,2026-04-01 07:59,289,25,-9.000,8.040,8.840,6.920,-9.000,-9.000,-9.000,-9.000,-9.000,-9.000,74.960,2.920,-9.000,995.572,-5.740,1011.964,-5.320,11.740,-8.636,5.548,-9.000,5.548,-9.000,-9.000,-9.000,-9.000,-3.800,-9.000,-9.000,14.068,9.324,-99.000,-99.000,-99.000,-99.000,15.716,3185.000,-9.000,12.880,-9.000,-9.000,2.092,,202603535132.000
2026-04-01,2026-03-31 07:00,2026-04-01 07:59,294,25,-9.000,9.320,9.400,9.600,-9.000,-9.000,-9.000,-9.000,-9.000,-9.000,75.120,2.680,-9.000,1006.756,-5.664,1012.124,-5.360,11.520,-7.884,3.388,-9.000,3.388,-9.000,-9.000,-9.000,-9.000,-3.896,-9.000,-9.000,13.528,9.036,-99.000,-99.000,-99.000,-99.000,15.332,2913.880,-9.000,17.440,-9.000,-9.000,1.480,,202603535132.000
2026-04-01,2026-03-31 07:00,2026-04-01 07:59,295,25,-9.000,7.960,8.640,7.680,-9.000,-9.000,-9.000,-9.000,-9.000,-9.000,75.560,3.000,-9.000,1006.168,-5.696,1011.632,-5.360,12.056,-9.000,-0.288,-9.000,-0.288,-9.000,-9.000,-9.000,-9.000,-3.784,-9.000,-9.000,14.212,9.732,-99.000,-99.000,-99.000,-99.000,16.788,3414.520,-9.000,13.560,-9.000,-9.000,1.328,,202603535132.000
